ticker,company_name,signal_date,cluster_start,cluster_end,total_usd,unique_insiders,market_cap_m,mcap_band,near_52w_low,shares_approximate,entry_price,outcome_7d,outcome_10d,outcome_30d,outcome_7d_date,outcome_10d_date,outcome_30d_date,delisted_or_acquired,notes,iwm_30d,alpha_30d,alpha_win,year
VICI,Vici Properties Inc.,2018-02-05,2018-02-01,2018-02-01,1224000,3,4791.6,$500M-$5B,True,False,13.21030330657959,-4.49,-3.17,-4.34,2018-02-12,2018-02-15,2018-03-07,False,,5.9627,-10.3027,False,2018
BCO,Brinks Co,2018-02-09,2018-02-08,2018-02-08,981730,2,2872.0,$500M-$5B,False,True,67.6749496459961,2.65,1.09,-2.78,2018-02-16,2018-02-20,2018-03-12,False,,8.469,-11.248999999999999,False,2018
VCTR,"Victory Capital Holdings, Inc.",2018-02-12,2018-02-08,2018-02-08,383315,2,694.9,$500M-$5B,False,False,10.72618579864502,1.56,1.64,-3.6,2018-02-20,2018-02-22,2018-03-14,False,,6.4457,-10.0457,False,2018
XTNT,"Xtant Medical Holdings, Inc.",2018-02-26,2018-02-14,2018-02-14,13619794,2,963.7,$500M-$5B,False,True,7.050000190734863,-13.62,-12.06,3.4,2018-03-05,2018-03-08,2018-03-28,False,,-2.7956,6.1956,True,2018
PRIM,Primoris Services Corp,2018-02-27,2018-02-26,2018-02-26,274064,2,1240.5,$500M-$5B,True,True,23.16206359863281,4.46,4.42,0.56,2018-03-06,2018-03-09,2018-03-29,False,,-0.3794,0.9394,True,2018
CRVS,"Corvus Pharmaceuticals, Inc.",2018-03-14,2018-03-12,2018-03-12,20849991,4,886.3,$500M-$5B,False,True,10.010000228881836,2.2,11.99,10.89,2018-03-21,2018-03-26,2018-04-13,False,,-2.1587,13.0487,True,2018
RDN,Radian Group Inc,2018-05-01,2018-04-30,2018-04-30,578660,2,1738.4,$500M-$5B,True,True,12.674678802490234,4.67,2.72,3.13,2018-05-08,2018-05-11,2018-05-31,False,,5.6467,-2.5167,False,2018
CLBK,"Columbia Financial, Inc.",2018-05-01,2018-04-19,2018-04-30,1951045,4,1799.8,$500M-$5B,False,False,15.550000190734863,0.45,2.77,9.2,2018-05-08,2018-05-11,2018-05-31,False,,5.6467,3.5532999999999992,True,2018
INSP,"Inspire Medical Systems, Inc.",2018-05-09,2018-05-07,2018-05-07,10000000,3,486.8,$200M-$500M,False,False,25.51000022888184,26.38,31.13,33.12,2018-05-16,2018-05-21,2018-06-08,False,,4.9408,28.179199999999998,True,2018
EFC,Ellington Financial LLC,2018-05-15,2018-05-10,2018-05-11,1640089,2,793.5,$500M-$5B,False,True,6.357631683349609,0.37,1.31,1.1,2018-05-22,2018-05-25,2018-06-14,False,,5.3372,-4.2372,False,2018
SRRK,Scholar Rock Holding Corp,2018-05-31,2018-05-29,2018-05-29,11299988,4,427.5,$200M-$500M,False,False,19.649999618530277,-1.78,-11.91,-24.53,2018-06-07,2018-06-11,2018-07-02,False,,1.3086,-25.8386,False,2018
ITRM,Iterum Therapeutics Plc,2018-05-31,2018-05-30,2018-05-30,42745417,6,2395.4,$500M-$5B,False,False,183.6000061035156,-1.96,-1.96,-19.53,2018-06-07,2018-06-11,2018-07-02,False,,1.3086,-20.8386,False,2018
REPL,"Replimune Group, Inc.",2018-07-26,2018-07-24,2018-07-24,7999995,3,462.6,$200M-$500M,False,False,15.0,9.07,5.47,12.0,2018-08-02,2018-08-06,2018-08-27,False,,2.0427,9.9573,True,2018
BE,Bloom Energy Corp,2018-07-31,2018-07-27,2018-07-27,39999990,2,2444.8,$500M-$5B,False,False,23.5,16.81,17.66,22.34,2018-08-07,2018-08-10,2018-08-30,False,,3.9127,18.4273,True,2018
LOB,"Live Oak Bancshares, Inc.",2018-08-06,2018-07-30,2018-08-03,3942754,2,1328.4,$500M-$5B,False,True,28.520183563232425,0.0,0.34,2.04,2018-08-13,2018-08-16,2018-09-05,False,,2.6715,-0.6315,False,2018
GHC,Graham Holdings Co,2018-08-07,2018-08-02,2018-08-02,3552396,2,2261.1,$500M-$5B,True,True,523.916015625,-1.62,0.6,-1.67,2018-08-14,2018-08-17,2018-09-06,False,,1.735,-3.4050000000000002,False,2018
VECO,Veeco Instruments Inc,2018-08-10,2018-08-09,2018-08-10,217656,2,695.8,$500M-$5B,True,True,11.449999809265137,-5.24,-4.37,-5.41,2018-08-17,2018-08-20,2018-09-10,False,,1.922,-7.332,False,2018
EPRT,"Essential Properties Realty Trust, Inc.",2018-08-23,2018-08-17,2018-08-22,254347,2,641.2,$500M-$5B,True,False,10.265303611755373,-1.79,-1.37,-2.47,2018-08-30,2018-09-04,2018-09-24,False,,-0.5215,-1.9485000000000001,False,2018
LILA,Liberty Latin America Ltd.,2018-08-27,2018-08-22,2018-08-23,2354199,2,2987.2,$500M-$5B,True,False,18.152685165405277,2.86,5.04,10.96,2018-09-04,2018-09-06,2018-09-26,False,,-1.9577,12.9177,True,2018
ASB,Associated Banc-Corp,2018-09-21,2018-09-19,2018-09-19,4850000,2,3796.9,$500M-$5B,False,True,19.948915481567383,-2.62,-3.56,-15.43,2018-09-28,2018-10-01,2018-10-22,False,,-9.9554,-5.474600000000001,False,2018
SSP,E.W. Scripps Co,2018-10-02,2018-09-18,2018-10-02,1151559,3,1077.5,$500M-$5B,False,True,11.896519660949709,2.5,-1.65,5.55,2018-10-09,2018-10-12,2018-11-01,False,,-6.71,12.26,True,2018
SSP,E.W. Scripps Co,2018-10-03,2018-09-19,2018-10-03,1224673,3,1087.5,$500M-$5B,False,True,11.896519660949709,-0.24,-0.24,4.82,2018-10-10,2018-10-15,2018-11-02,False,,-7.2122,12.0322,True,2018
ARVN,Arvinas Inc.,2018-10-03,2018-10-01,2018-10-01,5480000,2,503.3,$500M-$5B,False,False,15.399999618530272,-6.23,-2.6,15.06,2018-10-10,2018-10-15,2018-11-02,False,,-7.2122,22.2722,True,2018
SSP,E.W. Scripps Co,2018-10-09,2018-09-20,2018-10-04,1509492,3,1114.6,$500M-$5B,False,True,11.86750316619873,1.28,5.26,8.44,2018-10-16,2018-10-19,2018-11-08,False,,-2.6056,11.0456,True,2018
SSP,E.W. Scripps Co,2018-10-10,2018-09-25,2018-10-09,1451724,3,1084.8,$500M-$5B,False,True,11.635376930236816,4.11,9.66,5.05,2018-10-17,2018-10-22,2018-11-09,False,,-1.584,6.634,True,2018
SSP,E.W. Scripps Co,2018-10-11,2018-09-26,2018-10-10,1504735,3,1063.6,$500M-$5B,False,True,11.700664520263672,5.77,9.05,8.18,2018-10-18,2018-10-22,2018-11-12,False,,-1.654,9.834,True,2018
SSP,E.W. Scripps Co,2018-10-16,2018-10-02,2018-10-16,2016141,3,1098.7,$500M-$5B,False,True,12.114139556884766,3.35,-4.49,3.89,2018-10-23,2018-10-26,2018-11-15,False,,-4.4503,8.340300000000001,True,2018
ALLO,"Allogene Therapeutics, Inc.",2018-10-17,2018-10-15,2018-10-15,1350000,2,2957.4,$500M-$5B,False,False,23.799999237060547,-5.46,-3.28,17.56,2018-10-24,2018-10-29,2018-11-16,False,,-3.8111,21.3711,True,2018
SSP,E.W. Scripps Co,2018-10-18,2018-10-03,2018-10-17,2050629,3,1131.2,$500M-$5B,False,True,12.491345405578612,-4.99,-7.38,0.23,2018-10-25,2018-10-29,2018-11-19,False,,-3.9613,4.1913,True,2018
PLAG,Planet Green Holdings Corp.,2018-10-18,2018-10-16,2018-10-16,10000004,2,380.0,$200M-$500M,False,True,115.0999984741211,-59.86,-55.26,-67.59,2018-10-25,2018-10-29,2018-11-19,False,,-3.9613,-63.6287,False,2018
SSP,E.W. Scripps Co,2018-10-19,2018-10-04,2018-10-18,2342287,3,1141.8,$500M-$5B,False,True,12.75974178314209,-9.32,-9.32,-1.88,2018-10-26,2018-10-29,2018-11-19,False,,-2.9343,1.0543,True,2018
KRYS,"Krystal Biotech, Inc.",2018-10-22,2018-10-18,2018-10-18,1000000,2,622.6,$500M-$5B,False,True,21.209999084472656,-11.55,10.8,-2.78,2018-10-29,2018-11-01,2018-11-21,False,,-3.2673,0.4873000000000003,True,2018
SSP,E.W. Scripps Co,2018-10-24,2018-10-09,2018-10-23,2154029,3,1065.6,$500M-$5B,False,True,11.86750316619873,2.81,6.48,4.1,2018-10-31,2018-11-05,2018-11-23,False,,1.3292,2.7707999999999995,True,2018
SSP,E.W. Scripps Co,2018-10-24,2018-10-10,2018-10-24,2152136,3,1065.6,$500M-$5B,False,True,11.86750316619873,2.81,6.48,4.1,2018-10-31,2018-11-05,2018-11-23,False,,1.3292,2.7707999999999995,True,2018
SSP,E.W. Scripps Co,2018-10-26,2018-10-11,2018-10-25,2372090,3,1057.6,$500M-$5B,False,True,11.57009220123291,7.77,9.22,6.65,2018-11-02,2018-11-05,2018-11-26,False,,1.5799,5.0701,True,2018
SSP,E.W. Scripps Co,2018-10-30,2018-10-16,2018-10-30,2164912,3,1096.1,$500M-$5B,False,True,12.201186180114746,4.64,0.18,4.93,2018-11-06,2018-11-09,2018-11-29,False,,1.4025,3.5275,True,2018
SSP,E.W. Scripps Co,2018-11-02,2018-10-18,2018-11-01,2179361,3,1139.8,$500M-$5B,False,True,12.636425018310549,-3.27,0.17,1.38,2018-11-09,2018-11-12,2018-12-03,False,,0.052,1.3279999999999998,True,2018
SSP,E.W. Scripps Co,2018-11-07,2018-10-23,2018-11-06,1941774,3,1173.7,$500M-$5B,False,True,12.868553161621094,-3.33,-2.71,-4.96,2018-11-14,2018-11-19,2018-12-07,False,,-8.5065,3.546500000000001,True,2018
SSP,E.W. Scripps Co,2018-11-08,2018-10-24,2018-11-07,1974761,3,1176.3,$500M-$5B,False,True,12.222949028015137,2.97,2.43,-1.66,2018-11-15,2018-11-19,2018-12-10,False,,-8.5292,6.869199999999999,True,2018
SSP,E.W. Scripps Co,2018-11-09,2018-10-25,2018-11-08,2274481,3,1117.3,$500M-$5B,False,True,12.658187866210938,0.23,-1.09,-5.04,2018-11-16,2018-11-19,2018-12-10,False,,-6.8017,1.7617000000000003,True,2018
VAC,Marriott Vacations Worldwide Corp,2018-11-13,2018-11-09,2018-11-12,651653,2,2980.9,$500M-$5B,True,False,64.08735656738281,-4.27,-0.42,-4.85,2018-11-20,2018-11-23,2018-12-13,False,,-5.1677,0.3177000000000003,True,2018
SSP,E.W. Scripps Co,2018-11-13,2018-10-30,2018-11-13,2127818,3,1021.8,$500M-$5B,False,False,12.440568923950195,-2.92,-0.7,-2.69,2018-11-20,2018-11-23,2018-12-13,False,,-5.1677,2.4777,True,2018
ECPG,Encore Capital Group Inc,2018-11-13,2018-11-09,2018-11-09,784050,2,830.5,$500M-$5B,True,False,26.950000762939453,-4.97,0.15,-15.18,2018-11-20,2018-11-23,2018-12-13,False,,-5.1677,-10.0123,False,2018
SSP,E.W. Scripps Co,2018-11-16,2018-11-01,2018-11-15,2791411,3,1023.5,$500M-$5B,False,False,12.520360946655272,-1.33,-1.45,-7.73,2018-11-23,2018-11-26,2018-12-17,False,,-9.5178,1.787799999999999,True,2018
SSP,E.W. Scripps Co,2018-11-21,2018-11-06,2018-11-20,2627696,3,1001.3,$500M-$5B,False,False,12.353520393371582,1.88,3.7,-10.78,2018-11-28,2018-12-03,2018-12-21,False,,-12.9909,2.2109000000000005,True,2018
SSP,E.W. Scripps Co,2018-11-21,2018-11-07,2018-11-21,2706533,3,1001.3,$500M-$5B,False,False,12.353520393371582,1.88,3.7,-10.78,2018-11-28,2018-12-03,2018-12-21,False,,-12.9909,2.2109000000000005,True,2018
MDGL,"Madrigal Pharmaceuticals, Inc.",2018-11-23,2018-11-19,2018-11-20,1216907,2,1745.3,$500M-$5B,False,False,121.91999816894533,-5.14,-1.03,-22.27,2018-11-30,2018-12-03,2018-12-24,False,,-14.5978,-7.6722,False,2018
SSP,E.W. Scripps Co,2018-11-27,2018-11-13,2018-11-27,2578314,3,1001.9,$500M-$5B,False,False,12.585647583007812,-0.81,-2.82,-9.65,2018-12-04,2018-12-07,2018-12-27,False,,-10.5315,0.8814999999999991,True,2018
SSP,E.W. Scripps Co,2018-11-28,2018-11-14,2018-11-28,2601628,3,1015.3,$500M-$5B,False,False,12.803266525268556,-2.21,-6.12,-11.41,2018-12-06,2018-12-10,2018-12-28,False,,-12.4379,1.0279000000000007,True,2018
SSP,E.W. Scripps Co,2018-11-30,2018-11-15,2018-11-29,2973614,3,1031.7,$500M-$5B,False,False,12.810521125793455,-4.53,-6.17,-10.67,2018-12-07,2018-12-10,2018-12-31,False,,-11.9721,1.3020999999999994,True,2018
SSP,E.W. Scripps Co,2018-12-04,2018-11-20,2018-12-04,2703936,3,1007.1,$500M-$5B,False,False,12.520362854003906,-1.91,-5.17,-5.81,2018-12-11,2018-12-14,2019-01-03,False,,-10.0511,4.2411,True,2018
SSP,E.W. Scripps Co,2018-12-07,2018-11-23,2018-12-06,2661859,3,986.6,$500M-$5B,False,False,12.019837379455566,-1.22,-3.88,2.96,2018-12-14,2018-12-17,2019-01-07,False,,-2.7516,5.7116,True,2018
ENR,"Energizer Holdings, Inc.",2018-12-10,2018-12-03,2018-12-06,916400,2,2165.2,$500M-$5B,True,False,37.40797424316406,-1.18,-6.9,-0.83,2018-12-17,2018-12-20,2019-01-09,False,,-0.1544,-0.6756,False,2018
CASH,Meta Financial Group Inc,2018-12-10,2018-12-06,2018-12-07,533700,2,793.6,$500M-$5B,True,False,19.577880859375,-2.27,-5.57,2.66,2018-12-17,2018-12-20,2019-01-09,False,,-0.1544,2.8144,True,2018
SSP,E.W. Scripps Co,2018-12-11,2018-11-27,2018-12-11,2595276,3,990.7,$500M-$5B,False,False,12.41880702972412,-6.56,-11.25,4.04,2018-12-18,2018-12-21,2019-01-10,False,,0.4675,3.5725,True,2018
SSP,E.W. Scripps Co,2018-12-12,2018-11-28,2018-12-12,2550984,3,1001.9,$500M-$5B,False,False,12.105971336364746,-5.41,-9.86,9.38,2018-12-19,2018-12-24,2019-01-11,False,,-0.4552,9.8352,True,2018
LOB,"Live Oak Bancshares, Inc.",2018-12-13,2018-12-12,2018-12-12,5675167,2,592.2,$500M-$5B,True,False,14.409754753112791,-5.93,-4.78,4.65,2018-12-20,2018-12-24,2019-01-14,False,,-0.0308,4.6808000000000005,True,2018
TROX,Tronox Ltd,2018-12-13,2018-12-10,2018-12-11,330316,2,740.8,$500M-$5B,True,False,5.816080093383789,-2.54,-4.54,22.3,2018-12-20,2018-12-24,2019-01-14,False,,-0.0308,22.3308,True,2018
UNFI,United Natural Foods Inc,2018-12-13,2018-12-12,2018-12-12,466859,2,588.9,$500M-$5B,True,False,10.9399995803833,-8.04,-11.24,21.12,2018-12-20,2018-12-24,2019-01-14,False,,-0.0308,21.1508,True,2018
SSP,E.W. Scripps Co,2018-12-14,2018-11-29,2018-12-13,2772560,3,957.8,$500M-$5B,False,False,11.553053855895996,-4.6,-5.54,15.18,2018-12-21,2018-12-24,2019-01-14,False,,1.5049,13.6751,True,2018
PWR,Quanta Services Inc,2018-12-19,2018-12-18,2018-12-19,998923,2,4102.3,$500M-$5B,True,False,28.087242126464844,3.98,5.24,17.13,2018-12-26,2018-12-31,2019-01-18,False,,9.9478,7.182199999999998,True,2018
KOP,Koppers Holdings Inc.,2018-12-19,2018-12-13,2018-12-18,273200,2,351.8,$200M-$500M,True,False,16.631860733032227,-2.15,-0.93,25.29,2018-12-26,2018-12-31,2019-01-18,False,,9.9478,15.342199999999998,True,2018
SSP,E.W. Scripps Co,2018-12-21,2018-12-06,2018-12-20,2363271,3,889.2,$500M-$5B,False,False,10.912835121154783,3.93,4.87,20.8,2018-12-28,2018-12-31,2019-01-22,False,,12.9548,7.8452,True,2018
SSP,E.W. Scripps Co,2018-12-26,2018-12-12,2018-12-26,1662404,2,910.3,$500M-$5B,False,False,11.371175765991213,3.45,8.83,20.15,2019-01-02,2019-01-07,2019-01-25,False,,11.6804,8.469599999999998,True,2018
SSP,E.W. Scripps Co,2018-12-31,2018-12-13,2018-12-27,1841131,2,923.2,$500M-$5B,False,False,11.764036178588867,5.19,9.83,15.21,2019-01-07,2019-01-10,2019-01-30,False,,10.3809,4.8291,True,2018
SSP,E.W. Scripps Co,2019-01-02,2018-12-19,2019-01-02,1518662,2,949.0,$500M-$5B,False,False,11.793136596679688,9.32,12.83,12.58,2019-01-09,2019-01-14,2019-02-01,False,,10.7827,1.7973,True,2019
GEF,Greif Inc,2019-01-02,2018-12-27,2018-12-31,641833,3,1519.5,$500M-$5B,True,False,27.45341682434082,8.45,8.17,8.9,2019-01-09,2019-01-14,2019-02-01,False,,10.7827,-1.8826999999999998,False,2019
SSP,E.W. Scripps Co,2019-01-04,2018-12-20,2019-01-03,1782876,2,983.7,$500M-$5B,False,False,12.37515640258789,7.0,7.52,9.46,2019-01-11,2019-01-14,2019-02-04,False,,10.0372,-0.5771999999999995,False,2019
SSP,E.W. Scripps Co,2019-01-09,2018-12-26,2019-01-09,1632002,2,1040.0,$500M-$5B,False,False,12.920795440673828,4.17,2.03,5.8,2019-01-16,2019-01-22,2019-02-08,False,,4.8635,0.9364999999999997,True,2019
SSP,E.W. Scripps Co,2019-01-11,2018-12-27,2019-01-10,1892392,2,1068.2,$500M-$5B,False,False,13.306384086608888,0.93,-0.93,2.52,2019-01-18,2019-01-22,2019-02-11,False,,5.1643,-2.6443,False,2019
SSP,E.W. Scripps Co,2019-01-16,2019-01-02,2019-01-16,1705405,2,1085.8,$500M-$5B,False,False,13.662869453430176,-1.33,0.11,2.82,2019-01-23,2019-01-28,2019-02-15,False,,8.0958,-5.2758,False,2019
SSP,E.W. Scripps Co,2019-01-18,2019-01-03,2019-01-17,2033726,2,1083.4,$500M-$5B,False,False,13.18270492553711,3.64,3.75,6.68,2019-01-25,2019-01-28,2019-02-19,False,,6.3259,0.35409999999999986,True,2019
SSP,E.W. Scripps Co,2019-01-23,2019-01-09,2019-01-23,1799274,2,1087.5,$500M-$5B,False,False,13.473712921142578,0.59,0.54,7.51,2019-01-30,2019-02-04,2019-02-22,False,,9.3707,-1.8606999999999996,False,2019
SSP,E.W. Scripps Co,2019-01-25,2019-01-10,2019-01-24,2030195,2,1102.2,$500M-$5B,False,False,13.67741870880127,-2.93,-0.96,4.95,2019-02-01,2019-02-04,2019-02-25,False,,7.3639,-2.4139,False,2019
SSP,E.W. Scripps Co,2019-02-01,2019-01-17,2019-01-31,1772936,2,1071.1,$500M-$5B,False,False,13.546464920043944,0.91,0.7,20.35,2019-02-08,2019-02-11,2019-03-04,False,,5.1147,15.235300000000002,True,2019
SSP,E.W. Scripps Co,2019-02-06,2019-01-23,2019-02-06,1468206,2,1105.2,$500M-$5B,False,False,13.575566291809082,2.57,3.59,20.04,2019-02-13,2019-02-19,2019-03-08,False,,0.4704,19.569599999999998,True,2019
NFE,New Fortress Energy LLC,2019-02-06,2019-02-04,2019-02-04,70000000,2,3511.2,$500M-$5B,False,True,12.345359802246094,-0.43,-0.43,1.56,2019-02-13,2019-02-19,2019-03-08,False,,0.4704,1.0896000000000001,True,2019
SSP,E.W. Scripps Co,2019-02-08,2019-01-24,2019-02-07,1728985,2,1102.8,$500M-$5B,False,False,13.641043663024902,2.99,3.09,22.08,2019-02-15,2019-02-19,2019-03-11,False,,2.963,19.116999999999997,True,2019
SSP,E.W. Scripps Co,2019-02-13,2019-01-31,2019-02-13,1461113,2,1123.3,$500M-$5B,False,False,14.026630401611328,2.7,2.33,16.44,2019-02-20,2019-02-25,2019-03-15,False,,0.8734,15.566600000000001,True,2019
SSP,E.W. Scripps Co,2019-02-21,2019-02-06,2019-02-20,1136538,2,1159.1,$500M-$5B,False,False,14.484970092773438,6.23,12.56,8.57,2019-02-28,2019-03-04,2019-03-25,False,,-3.8965,12.4665,True,2019
MAT,Mattel Inc /de/,2019-02-25,2019-02-21,2019-02-22,1280379,2,4828.7,$500M-$5B,False,False,14.380000114440918,3.48,1.18,-8.48,2019-03-04,2019-03-07,2019-03-27,False,,-4.1196,-4.3604,False,2019
XBIT,Xbiotech Inc.,2019-03-04,2018-12-21,2018-12-24,1457217,2,285.8,$200M-$500M,False,False,8.220132827758789,5.35,-4.72,14.88,2019-03-11,2019-03-14,2019-04-03,False,,-0.7884,15.6684,True,2019
BCO,Brinks Co,2019-03-11,2019-03-08,2019-03-08,946420,2,3464.6,$500M-$5B,False,False,70.58353424072266,1.46,2.26,3.58,2019-03-18,2019-03-21,2019-04-10,False,,2.2291,1.3509000000000002,True,2019
RILY,"B. Riley Financial, Inc.",2019-03-15,2019-03-06,2019-03-14,1183903,3,266.2,$200M-$500M,False,False,9.967933654785156,-3.41,-0.71,0.47,2019-03-22,2019-03-25,2019-04-15,False,,1.828,-1.358,False,2019
ESPR,"Esperion Therapeutics, Inc.",2019-03-21,2019-03-14,2019-03-20,2955405,2,1186.5,$500M-$5B,False,False,41.38999938964844,-3.09,-2.9,0.8,2019-03-28,2019-04-01,2019-04-22,False,,-0.0258,0.8258000000000001,True,2019
CWH,"Camping World Holdings, Inc.",2019-03-21,2019-03-08,2019-03-19,2405819,2,867.3,$500M-$5B,False,False,9.223630905151367,7.16,5.35,1.43,2019-03-28,2019-04-01,2019-04-22,False,,-0.0258,1.4558,True,2019
NFE,New Fortress Energy LLC,2019-03-29,2019-03-28,2019-03-29,13640322,2,1721.9,$500M-$5B,False,False,9.772675514221191,13.66,10.96,14.91,2019-04-05,2019-04-08,2019-04-29,False,,3.8801,11.0299,True,2019
HOOK,Hookipa Pharma Inc.,2019-04-25,2019-04-23,2019-04-23,5749982,2,3054.8,$500M-$5B,False,False,140.0,-1.5,-1.79,-32.5,2019-05-02,2019-05-06,2019-05-28,False,,-4.5678,-27.9322,False,2019
WTRE,Watford Holdings Ltd.,2019-05-14,2019-05-08,2019-05-14,351078,2,544.0,$500M-$5B,True,False,24.054563522338867,0.16,-0.26,0.97,2019-05-21,2019-05-24,2019-06-13,False,,-0.3061,1.2761,True,2019
MIST,Milestone Pharmaceuticals Inc.,2019-05-15,2019-05-13,2019-05-13,11499990,2,431.5,$200M-$500M,False,False,19.01000022888184,7.84,12.62,9.0,2019-05-22,2019-05-28,2019-06-14,False,,-1.4996,10.499600000000001,True,2019
AMG,"Affiliated Managers Group, Inc.",2019-05-17,2019-05-10,2019-05-13,1128941,2,4492.9,$500M-$5B,True,False,87.46729278564453,-0.26,-2.02,-1.47,2019-05-24,2019-05-28,2019-06-17,False,,-0.0415,-1.4284999999999999,False,2019
ARR,"Armour Residential Reit, Inc.",2019-05-23,2019-05-22,2019-05-22,2869200,2,1921.6,$500M-$5B,True,False,32.29777145385742,-3.86,-0.72,2.32,2019-05-30,2019-06-03,2019-06-24,False,,2.1595,0.16049999999999986,True,2019
RM,Regional Management Corp.,2019-05-28,2019-05-28,2019-05-28,3151102,2,237.6,$200M-$500M,True,False,21.07177734375,-2.51,-2.12,-0.47,2019-06-04,2019-06-07,2019-06-27,False,,3.0628,-3.5328,False,2019
CWH,"Camping World Holdings, Inc.",2019-05-28,2019-05-09,2019-05-23,9394120,2,685.1,$500M-$5B,True,False,7.491591930389404,12.35,10.96,15.94,2019-06-04,2019-06-07,2019-06-27,False,,3.0628,12.877199999999998,True,2019
CWH,"Camping World Holdings, Inc.",2019-06-10,2019-05-23,2019-06-06,2575351,2,737.0,$500M-$5B,True,False,8.604548454284668,-0.12,0.2,-4.3,2019-06-17,2019-06-20,2019-07-10,False,,2.9448,-7.2448,False,2019
RMAX,"Re/max Holdings, Inc.",2019-06-12,2019-06-03,2019-06-11,22218348,2,842.2,$500M-$5B,True,False,28.09650611877441,-1.42,-7.7,-5.67,2019-06-19,2019-06-24,2019-07-12,False,,3.4266,-9.0966,False,2019
STOK,"Stoke Therapeutics, Inc.",2019-06-21,2019-06-21,2019-06-21,50000004,2,826.1,$500M-$5B,False,False,25.530000686645508,14.26,13.08,-9.91,2019-06-28,2019-07-01,2019-07-22,False,,-0.1754,-9.7346,False,2019
GEF,Greif Inc,2019-07-08,2019-07-02,2019-07-05,614526,2,1456.3,$500M-$5B,True,False,25.98601531982422,3.6,3.54,1.21,2019-07-15,2019-07-18,2019-08-07,False,,-3.7825,4.9925,True,2019
FULC,"Fulcrum Therapeutics, Inc.",2019-07-23,2019-07-22,2019-07-22,7300000,5,303.7,$200M-$500M,False,False,13.25,11.32,-3.09,-12.38,2019-07-30,2019-08-02,2019-08-22,False,,-3.0188,-9.3612,False,2019
MIRM,"Mirum Pharmaceuticals, Inc.",2019-07-24,2019-07-22,2019-07-22,108105000,16,322.2,$200M-$500M,False,False,13.779999732971191,-1.96,-3.56,2.9,2019-07-31,2019-08-05,2019-08-23,False,,-7.5226,10.4226,True,2019
CSTL,Castle Biosciences Inc,2019-07-31,2019-07-29,2019-07-29,7355920,3,348.5,$200M-$500M,False,False,21.950000762939453,-9.34,-5.42,27.2,2019-08-07,2019-08-12,2019-08-30,False,,-4.931,32.131,True,2019
FIX,Comfort Systems USA Inc,2019-08-01,2019-07-29,2019-08-01,333863,2,1410.8,$500M-$5B,True,False,39.7530632019043,-1.23,-5.55,-8.8,2019-08-08,2019-08-12,2019-09-03,False,,-4.9452,-3.854800000000001,False,2019
ESPR,"Esperion Therapeutics, Inc.",2019-08-02,2019-07-23,2019-08-01,2330365,2,1040.9,$500M-$5B,True,False,37.59000015258789,0.32,-1.6,-7.1,2019-08-09,2019-08-12,2019-09-03,False,,-3.8799,-3.2200999999999995,False,2019
TEN,Tenneco Inc,2019-08-12,2019-08-07,2019-08-09,755880,2,901.6,$500M-$5B,True,False,10.985129356384276,5.71,9.29,10.36,2019-08-19,2019-08-22,2019-09-11,False,,5.603,4.757,True,2019
QMCO,Quantum Corp /de/,2019-08-13,2019-08-09,2019-08-09,917375,2,4031.7,$500M-$5B,False,False,108.0,7.41,10.37,12.96,2019-08-20,2019-08-23,2019-09-12,False,,4.5052,8.4548,True,2019
RM,Regional Management Corp.,2019-08-16,2019-08-05,2019-08-14,2209679,4,257.0,$200M-$500M,False,False,22.55978202819824,-4.65,-4.58,3.37,2019-08-23,2019-08-26,2019-09-16,False,,6.237,-2.867,False,2019
RRR,"Red Rock Resorts, Inc.",2019-08-16,2019-08-08,2019-08-14,37155186,2,1719.2,$500M-$5B,True,False,15.089441299438477,-0.57,4.46,18.02,2019-08-23,2019-08-26,2019-09-16,False,,6.237,11.783,True,2019
ENR,"Energizer Holdings, Inc.",2019-08-19,2019-08-08,2019-08-15,1050876,4,2033.8,$500M-$5B,True,False,28.56671524047852,1.44,3.91,17.46,2019-08-26,2019-08-29,2019-09-18,False,,4.2563,13.203700000000001,True,2019
SGRY,"Surgery Partners, Inc.",2019-08-21,2019-08-19,2019-08-20,298750,2,303.7,$200M-$500M,True,False,6.260000228881836,0.64,0.32,26.04,2019-08-28,2019-09-03,2019-09-20,False,,3.3582,22.6818,True,2019
FOSL,"Fossil Group, Inc.",2019-08-23,2019-08-21,2019-08-22,2215160,2,545.5,$500M-$5B,True,False,11.489999771118164,11.4,8.09,5.48,2019-08-30,2019-09-03,2019-09-23,False,,6.7936,-1.3135999999999992,False,2019
KLXE,"Klx Energy Services Holdings, Inc.",2019-08-26,2019-08-21,2019-08-22,2093662,2,1155.5,$500M-$5B,True,False,47.900001525878906,2.09,11.17,-3.03,2019-09-03,2019-09-05,2019-09-25,False,,5.177,-8.206999999999999,False,2019
CWH,"Camping World Holdings, Inc.",2019-08-27,2019-08-14,2019-08-23,2829584,2,465.3,$200M-$500M,True,False,5.318408966064453,-1.99,3.97,13.1,2019-09-03,2019-09-06,2019-09-26,False,,5.5683,7.5317,True,2019
RRR,"Red Rock Resorts, Inc.",2019-08-27,2019-08-14,2019-08-23,30134193,2,1841.2,$500M-$5B,True,False,16.209205627441406,-2.22,0.82,-0.66,2019-09-03,2019-09-06,2019-09-26,False,,5.5683,-6.2283,False,2019
RM,Regional Management Corp.,2019-09-04,2019-08-30,2019-08-30,2454925,2,255.6,$200M-$500M,False,False,23.32858085632324,-0.82,-0.04,-5.6,2019-09-11,2019-09-16,2019-10-04,False,,1.2339,-6.8339,False,2019
EWBC,East West Bancorp Inc,2019-09-04,2019-08-27,2019-09-03,1601398,4,4957.7,$500M-$5B,True,False,35.49323272705078,9.41,8.94,0.14,2019-09-11,2019-09-16,2019-10-04,False,,1.2339,-1.0939,False,2019
ESPR,"Esperion Therapeutics, Inc.",2019-09-06,2019-09-04,2019-09-04,2961315,2,975.4,$500M-$5B,True,False,35.34000015258789,3.45,5.83,5.52,2019-09-13,2019-09-16,2019-10-07,False,,-0.3314,5.8514,True,2019
HBT,"Hbt Financial, Inc.",2019-10-18,2019-10-16,2019-10-16,640000,3,332.1,$200M-$500M,False,False,12.596641540527344,1.7,2.9,9.15,2019-10-25,2019-10-28,2019-11-18,False,,3.8726,5.2774,True,2019
VIR,"Vir Biotechnology, Inc.",2019-10-18,2019-10-16,2019-10-16,40000000,2,1494.4,$500M-$5B,False,False,14.40999984741211,1.6,5.14,-10.83,2019-10-25,2019-10-28,2019-11-18,False,,3.8726,-14.7026,False,2019
CABA,"Cabaletta Bio, Inc.",2019-10-31,2019-10-29,2019-10-29,12699995,2,247.6,$200M-$500M,False,False,10.75,2.33,29.49,36.84,2019-11-07,2019-11-11,2019-12-02,False,,3.0492,33.790800000000004,True,2019
ESPR,"Esperion Therapeutics, Inc.",2019-11-08,2019-11-06,2019-11-06,2982460,2,1033.5,$500M-$5B,True,False,38.720001220703125,4.52,14.93,28.18,2019-11-15,2019-11-18,2019-12-09,False,,2.1562,26.0238,True,2019
GRTX,"Galera Therapeutics, Inc.",2019-11-14,2019-11-12,2019-11-12,19999992,3,322.8,$200M-$500M,False,False,11.789999961853027,3.31,6.7,-15.18,2019-11-21,2019-11-25,2019-12-16,False,,4.0362,-19.2162,False,2019
AGIO,"Agios Pharmaceuticals, Inc.",2019-11-15,2019-11-12,2019-11-13,13749957,2,2100.9,$500M-$5B,False,False,36.13999938964844,3.29,4.76,27.03,2019-11-22,2019-11-25,2019-12-16,False,,3.4994,23.5306,True,2019
PTGX,"Protagonist Therapeutics, Inc",2019-12-03,2019-12-03,2019-12-03,322400,2,240.8,$200M-$500M,True,False,8.109999656677246,-7.09,-9.68,-14.55,2019-12-10,2019-12-13,2020-01-02,False,,4.201,-18.751,False,2019
PLCE,"Childrens Place, Inc.",2019-12-17,2019-12-13,2019-12-16,1863774,3,981.8,$500M-$5B,True,False,62.0099983215332,2.52,0.1,5.34,2019-12-24,2019-12-27,2020-01-16,False,,2.9326,2.4074,True,2019
MNPR,Monopar Therapeutics,2019-12-20,2019-12-18,2019-12-18,5002510,2,904.3,$500M-$5B,False,True,108.6999969482422,-8.97,-14.67,-18.58,2019-12-27,2019-12-30,2020-01-21,False,,1.0243,-19.6043,False,2019
VRA,"Vera Bradley, Inc.",2020-01-16,2019-12-24,2019-12-24,31084734,2,384.9,$200M-$500M,False,False,11.140000343322754,-1.89,-8.26,-13.2,2020-01-23,2020-01-27,2020-02-18,False,,-1.1739,-12.0261,False,2020
BDTX,"Black Diamond Therapeutics, Inc.",2020-02-05,2020-02-03,2020-02-03,24599984,2,1300.1,$500M-$5B,False,False,38.7400016784668,-1.83,-8.98,-25.14,2020-02-12,2020-02-18,2020-03-06,False,,-13.6931,-11.446900000000001,False,2020
DCOM,Dime Community Bancshares Inc,2020-02-06,2020-02-05,2020-02-05,450000,2,869.0,$500M-$5B,False,False,24.686824798583984,1.44,-0.8,-27.62,2020-02-13,2020-02-18,2020-03-09,False,,-21.9074,-5.712600000000002,False,2020
NGVT,Ingevity Corp,2020-02-06,2020-02-06,2020-02-06,633327,2,2707.4,$500M-$5B,True,False,66.83999633789062,-0.81,-2.75,-43.61,2020-02-13,2020-02-18,2020-03-09,False,,-21.9074,-21.7026,False,2020
ARQT,"Arcutis Biotherapeutics, Inc.",2020-02-06,2020-02-03,2020-02-04,26501096,3,888.6,$500M-$5B,False,False,26.38999938964844,-0.23,-3.37,7.46,2020-02-13,2020-02-18,2020-03-09,False,,-21.9074,29.3674,True,2020
SPB,"Spectrum Brands Holdings, Inc.",2020-02-13,2020-02-13,2020-02-13,1499652,2,2363.4,$500M-$5B,False,False,52.17049407958984,-0.25,-1.21,-32.03,2020-02-20,2020-02-24,2020-03-16,False,,-38.5227,6.492699999999999,True,2020
R,Ryder System Inc,2020-02-26,2020-02-24,2020-02-25,1005282,2,1646.9,$500M-$5B,True,False,30.88422203063965,-0.22,-16.42,-28.21,2020-03-04,2020-03-09,2020-03-27,False,,-26.8639,-1.3460999999999999,False,2020
NGL,Ngl Energy Partners LP,2020-02-27,2020-02-11,2020-02-25,1518228,2,981.1,$500M-$5B,True,False,7.244317531585693,-13.48,-58.33,-70.71,2020-03-05,2020-03-09,2020-03-30,False,,-22.5246,-48.185399999999994,False,2020
MDRX,"Allscripts Healthcare Solutions, Inc.",2020-03-05,2020-03-05,2020-03-05,363190,2,1174.7,$500M-$5B,True,False,7.639999866485596,-27.88,-32.07,-12.96,2020-03-12,2020-03-16,2020-04-06,False,,-23.2517,10.291699999999999,True,2020
AMG,"Affiliated Managers Group, Inc.",2020-03-05,2020-02-18,2020-03-03,1055106,3,3378.4,$500M-$5B,True,False,70.36897277832031,-28.53,-25.42,-12.55,2020-03-12,2020-03-16,2020-04-06,False,,-23.2517,10.701699999999999,True,2020
NGL,Ngl Energy Partners LP,2020-03-06,2020-02-24,2020-03-06,908372,2,708.7,$500M-$5B,True,False,3.018465757369995,-1.47,-18.82,-41.18,2020-03-13,2020-03-16,2020-04-06,False,,-21.6998,-19.4802,False,2020
RVLV,"Revolve Group, Inc.",2020-03-10,2020-03-06,2020-03-06,2569001,2,859.9,$500M-$5B,True,False,11.100000381469728,-16.94,-30.99,-8.65,2020-03-17,2020-03-20,2020-04-09,False,,-7.6111,-1.0389,False,2020
AMRX,"Amneal Pharmaceuticals, Inc.",2020-03-11,2020-02-28,2020-03-10,3301773,4,1012.6,$500M-$5B,False,False,2.8499999046325684,-7.37,33.68,20.7,2020-03-18,2020-03-23,2020-04-13,False,,-4.0074,24.7074,True,2020
STLD,Steel Dynamics Inc,2020-03-11,2020-02-28,2020-03-10,815672,3,4004.9,$500M-$5B,True,False,16.616609573364258,-17.29,-4.54,27.88,2020-03-18,2020-03-23,2020-04-13,False,,-4.0074,31.8874,True,2020
BHF,"Brighthouse Financial, Inc.",2020-03-11,2020-03-09,2020-03-10,839049,4,2525.5,$500M-$5B,True,False,19.940000534057617,-16.25,-16.3,28.49,2020-03-18,2020-03-23,2020-04-13,False,,-4.0074,32.4974,True,2020
CWH,"Camping World Holdings, Inc.",2020-03-12,2020-03-05,2020-03-12,1919020,2,387.2,$200M-$500M,True,False,5.066285133361816,-42.96,-28.3,0.88,2020-03-19,2020-03-23,2020-04-13,False,,7.9177,-7.0377,False,2020
FUN,Cedar Fair L P,2020-03-12,2020-03-06,2020-03-11,674867,4,1124.0,$500M-$5B,True,False,25.117164611816406,-41.2,-30.62,-22.05,2020-03-19,2020-03-23,2020-04-13,False,,7.9177,-29.9677,False,2020
ARMK,Aramark,2020-03-12,2020-03-11,2020-03-12,1530328,2,4112.6,$500M-$5B,True,False,16.228675842285156,-24.54,-29.78,-7.72,2020-03-19,2020-03-23,2020-04-13,False,,7.9177,-15.637699999999999,False,2020
AMG,"Affiliated Managers Group, Inc.",2020-03-12,2020-03-02,2020-03-12,755006,3,2407.4,$500M-$5B,True,False,57.07181930541992,-3.22,-21.02,10.02,2020-03-19,2020-03-23,2020-04-13,False,,7.9177,2.1022999999999996,True,2020
BG,Bunge Ltd,2020-03-13,2020-02-28,2020-03-13,5080710,2,4594.5,$500M-$5B,True,False,28.256601333618164,-5.53,-2.68,15.78,2020-03-20,2020-03-23,2020-04-13,False,,1.1429,14.6371,True,2020
CLF,Cleveland-Cliffs Inc.,2020-03-13,2020-03-11,2020-03-12,1000508,2,1301.0,$500M-$5B,False,False,3.917158126831055,-19.85,-22.86,13.35,2020-03-20,2020-03-23,2020-04-13,False,,1.1429,12.2071,True,2020
PLNT,"Planet Fitness, Inc.",2020-03-13,2020-03-04,2020-03-12,4873440,2,4665.5,$500M-$5B,True,False,38.79999923706055,-12.55,-3.43,39.64,2020-03-20,2020-03-23,2020-04-13,False,,1.1429,38.4971,True,2020
RILY,"B. Riley Financial, Inc.",2020-03-16,2020-03-09,2020-03-16,312795,2,287.6,$200M-$500M,True,False,11.95742893218994,-22.48,-2.97,-2.07,2020-03-23,2020-03-26,2020-04-15,False,,14.1242,-16.1942,False,2020
NWL,Newell Brands Inc.,2020-03-16,2020-03-05,2020-03-12,39900298,4,3948.0,$500M-$5B,True,False,10.066276550292969,-20.44,6.41,-4.0,2020-03-23,2020-03-26,2020-04-15,False,,14.1242,-18.124200000000002,False,2020
PSN,Parsons Corp,2020-03-16,2020-03-12,2020-03-12,1343773,2,2765.4,$500M-$5B,True,False,29.549999237060547,-8.12,18.38,20.58,2020-03-23,2020-03-26,2020-04-15,False,,14.1242,6.455799999999998,True,2020
MBUU,"Malibu Boats, Inc.",2020-03-16,2020-03-12,2020-03-12,960525,2,568.8,$500M-$5B,True,False,27.850000381469727,-17.06,2.69,-10.77,2020-03-23,2020-03-26,2020-04-15,False,,14.1242,-24.894199999999998,False,2020
THC,Tenet Healthcare Corp,2020-03-17,2020-03-02,2020-03-16,1117754,3,1371.4,$500M-$5B,True,False,11.010000228881836,36.69,54.95,76.2,2020-03-24,2020-03-27,2020-04-16,False,,8.2975,67.9025,True,2020
RHP,"Ryman Hospitality Properties, Inc.",2020-03-18,2020-03-18,2020-03-18,665037,2,646.7,$500M-$5B,True,False,15.63632106781006,72.02,97.34,53.72,2020-03-25,2020-03-30,2020-04-17,False,,22.5687,31.1513,True,2020
SUN,Sunoco LP,2020-03-18,2020-03-12,2020-03-17,449571,3,613.0,$500M-$5B,True,False,9.283679008483888,-5.87,-1.33,34.73,2020-03-25,2020-03-30,2020-04-17,False,,22.5687,12.161299999999997,True,2020
MAC,Macerich Co,2020-03-18,2020-03-12,2020-03-16,384270,2,698.1,$500M-$5B,True,False,5.745473861694336,0.26,-22.05,-9.6,2020-03-25,2020-03-30,2020-04-17,False,,22.5687,-32.1687,False,2020
SEE,Sealed Air Corp/de,2020-03-20,2020-03-05,2020-03-19,793544,3,3323.2,$500M-$5B,False,False,19.79511833190918,11.7,16.27,29.42,2020-03-27,2020-03-30,2020-04-20,False,,19.4146,10.005400000000002,True,2020
CNR,"Cornerstone Building Brands, Inc.",2020-03-20,2020-03-12,2020-03-19,865480,2,742.8,$500M-$5B,False,False,4.066355228424072,-3.4,-14.51,17.01,2020-03-27,2020-03-30,2020-04-20,False,,19.4146,-2.4045999999999985,False,2020
PB,Prosperity Bancshares Inc,2020-03-24,2020-03-09,2020-03-23,1261438,3,3534.5,$500M-$5B,True,False,39.68449401855469,0.06,-7.03,2.32,2020-03-31,2020-04-03,2020-04-23,False,,10.7899,-8.469899999999999,False,2020
CNO,"Cno Financial Group, Inc.",2020-03-24,2020-03-23,2020-03-23,301170,2,1446.4,$500M-$5B,False,False,11.280709266662598,-3.8,-16.61,-7.38,2020-03-31,2020-04-03,2020-04-23,False,,10.7899,-18.1699,False,2020
CIM,Chimera Investment Corp,2020-03-24,2020-03-18,2020-03-18,1297220,3,2031.0,$500M-$5B,True,False,13.302935600280762,1.91,-19.81,-16.9,2020-03-31,2020-04-03,2020-04-23,False,,10.7899,-27.689899999999998,False,2020
BCO,Brinks Co,2020-03-25,2020-03-03,2020-03-05,1795125,3,2340.6,$500M-$5B,False,False,50.75105285644531,-14.49,-14.7,-18.94,2020-04-01,2020-04-06,2020-04-24,False,,11.3121,-30.2521,False,2020
SFIX,"Stitch Fix, Inc.",2020-04-13,2020-03-12,2020-03-12,3825224,2,1552.0,$500M-$5B,False,False,16.40999984741211,-4.36,-5.3,13.04,2020-04-20,2020-04-23,2020-05-13,False,,1.9523,11.0877,True,2020
SFIX,"Stitch Fix, Inc.",2020-04-13,2020-04-09,2020-04-09,31609300,2,1552.0,$500M-$5B,False,False,16.40999984741211,-4.36,-5.3,13.04,2020-04-20,2020-04-23,2020-05-13,False,,1.9523,11.0877,True,2020
KROS,"Keros Therapeutics, Inc.",2020-04-13,2020-04-13,2020-04-13,4160000,3,445.8,$200M-$500M,False,False,27.489999771118164,1.86,7.2,4.58,2020-04-20,2020-04-23,2020-05-13,False,,1.9523,2.6277,True,2020
EIG,"Employers Holdings, Inc.",2020-05-07,2020-04-28,2020-05-05,954340,2,720.3,$500M-$5B,True,False,23.9166202545166,-9.59,-1.56,12.51,2020-05-14,2020-05-18,2020-06-08,False,,20.1271,-7.617099999999999,False,2020
CRK,Comstock Resources Inc,2020-05-14,2020-05-14,2020-05-14,308561,2,801.7,$500M-$5B,True,False,4.408045291900635,10.97,10.97,5.38,2020-05-21,2020-05-26,2020-06-15,False,,14.9015,-9.5215,False,2020
PENN,Penn National Gaming Inc,2020-05-18,2020-05-13,2020-05-13,1499958,2,2969.6,$500M-$5B,False,False,23.729999542236328,23.43,33.08,36.79,2020-05-26,2020-05-28,2020-06-17,False,,7.2124,29.5776,True,2020
BCO,Brinks Co,2020-05-18,2020-05-12,2020-05-14,792211,3,1943.7,$500M-$5B,False,False,35.344383239746094,11.76,9.72,24.66,2020-05-26,2020-05-28,2020-06-17,False,,7.2124,17.4476,True,2020
OEC,Orion Engineered Carbons S.A.,2020-05-26,2020-05-15,2020-05-22,563988,2,583.7,$500M-$5B,False,False,11.505910873413086,-4.5,7.98,-11.8,2020-06-02,2020-06-05,2020-06-25,False,,1.5456,-13.345600000000001,False,2020
VERI,"Veritone, Inc.",2020-06-17,2020-06-05,2020-06-15,598274,2,374.0,$200M-$500M,False,False,16.889999389648438,-0.95,0.24,-29.04,2020-06-24,2020-06-29,2020-07-17,False,,3.3999,-32.4399,False,2020
CNNE,"Cannae Holdings, Inc.",2020-06-17,2020-06-15,2020-06-15,1250026,2,3182.1,$500M-$5B,False,False,35.05300521850586,5.28,9.89,8.58,2020-06-24,2020-06-29,2020-07-17,False,,3.3999,5.1800999999999995,True,2020
NKTX,"Nkarta, Inc.",2020-07-16,2020-07-14,2020-07-14,102999978,4,1182.4,$500M-$5B,False,False,37.02000045776367,-18.02,-25.2,-27.42,2020-07-23,2020-07-27,2020-08-17,False,,8.0323,-35.4523,False,2020
ANNX,"Annexon, Inc.",2020-07-30,2020-07-28,2020-07-28,15300000,2,662.9,$500M-$5B,False,False,18.229999542236328,16.13,20.79,35.33,2020-08-06,2020-08-10,2020-08-31,False,,4.4838,30.8462,True,2020
AFIB,"Acutus Medical, Inc.",2020-08-12,2020-08-10,2020-08-10,34470000,2,681.7,$500M-$5B,False,False,24.5,10.49,12.24,39.76,2020-08-19,2020-08-24,2020-09-11,False,,-5.3136,45.0736,True,2020
RRR,"Red Rock Resorts, Inc.",2020-08-13,2020-08-06,2020-08-11,46559864,2,1432.5,$500M-$5B,False,False,12.927995681762695,6.6,3.51,10.36,2020-08-20,2020-08-24,2020-09-14,False,,-2.6147,12.974699999999999,True,2020
RRR,"Red Rock Resorts, Inc.",2020-08-25,2020-08-10,2020-08-21,43035870,2,1580.7,$500M-$5B,False,False,13.884445190429688,5.68,0.75,-4.59,2020-09-01,2020-09-04,2020-09-24,False,,-7.5325,2.9425,True,2020
GOVX,"Geovax Labs, Inc.",2020-09-29,2020-09-29,2020-09-29,710270,2,851.0,$500M-$5B,False,False,1196.25,-13.17,0.94,-9.09,2020-10-06,2020-10-09,2020-10-29,False,,3.8837,-12.973700000000001,False,2020
PBF,Pbf Energy Inc.,2020-10-01,2020-09-28,2020-09-30,571055,3,605.0,$500M-$5B,True,False,5.395981788635254,8.86,3.34,-15.05,2020-10-08,2020-10-12,2020-11-02,False,,2.3919,-17.4419,False,2020
PMVP,"Pmv Pharmaceuticals, Inc.",2020-10-02,2020-09-25,2020-09-29,19089990,2,1477.2,$500M-$5B,False,False,32.95000076293945,4.73,5.64,6.22,2020-10-09,2020-10-12,2020-11-02,False,,1.9431,4.2768999999999995,True,2020
HRMY,"Harmony Biosciences Holdings, Inc.",2020-10-16,2020-08-21,2020-08-21,11327496,2,2517.8,$500M-$5B,False,False,38.9900016784668,4.03,2.31,10.08,2020-10-23,2020-10-26,2020-11-16,False,,9.4117,0.6683000000000003,True,2020
EBC,"Eastern Bankshares, Inc.",2020-10-16,2020-10-14,2020-10-14,5723690,7,2100.5,$500M-$5B,False,False,10.397253036499023,3.11,1.6,17.24,2020-10-23,2020-10-26,2020-11-16,False,,9.4117,7.828299999999999,True,2020
ARRY,"Array Technologies, Inc.",2020-10-19,2020-10-19,2020-10-19,4836480,2,4946.4,$500M-$5B,False,False,38.5,2.6,-1.79,9.01,2020-10-26,2020-10-29,2020-11-18,False,,9.6939,-0.6838999999999995,False,2020
TARS,"Tarsus Pharmaceuticals, Inc.",2020-10-20,2020-10-20,2020-10-20,10700000,3,408.5,$200M-$500M,False,False,24.5,-17.57,-16.57,-4.49,2020-10-27,2020-10-30,2020-11-19,False,,10.2949,-14.7849,False,2020
ALGS,"Aligos Therapeutics, Inc.",2020-10-22,2020-10-20,2020-10-20,6000000,2,2331.4,$500M-$5B,False,True,377.5,-2.12,-0.66,26.62,2020-10-29,2020-11-02,2020-11-23,False,,11.5278,15.092200000000002,True,2020
KROS,"Keros Therapeutics, Inc.",2020-11-19,2020-11-17,2020-11-17,6000000,2,1610.7,$500M-$5B,False,False,71.08000183105469,6.92,6.37,6.12,2020-11-27,2020-11-30,2020-12-21,False,,10.4559,-4.3359,False,2020
ORGO,Organogenesis Holdings Inc.,2020-11-19,2020-11-17,2020-11-17,5415494,2,529.2,$500M-$5B,False,False,5.079999923706055,-1.77,1.38,21.26,2020-11-27,2020-11-30,2020-12-21,False,,10.4559,10.804100000000002,True,2020
STOK,"Stoke Therapeutics, Inc.",2020-11-25,2020-11-24,2020-11-24,29250000,2,1726.2,$500M-$5B,False,False,51.16999816894531,-10.06,-4.08,18.92,2020-12-02,2020-12-07,2020-12-28,False,,8.3331,10.586900000000002,True,2020
LIXT,"Lixte Biotechnology Holdings, Inc.",2020-12-07,2020-11-30,2020-11-30,850231,3,451.7,$200M-$500M,True,False,37.29999923706055,-8.04,11.26,-13.94,2020-12-14,2020-12-17,2021-01-06,False,,8.9119,-22.8519,False,2020
SEER,"Seer, Inc.",2020-12-10,2020-12-08,2020-12-08,31909987,2,4815.2,$500M-$5B,False,False,75.6500015258789,-11.76,-25.83,-17.99,2020-12-17,2020-12-21,2021-01-11,False,,8.862,-26.851999999999997,False,2020
LXRX,"Lexicon Pharmaceuticals, Inc.",2020-12-17,2020-12-16,2020-12-16,70000000,2,424.1,$200M-$500M,False,False,3.390000104904175,2.95,0.88,134.22,2020-12-24,2020-12-28,2021-01-19,False,,8.7422,125.4778,True,2020
MASS,908 Devices Inc.,2020-12-22,2020-12-22,2020-12-22,12000000,2,1474.8,$500M-$5B,False,False,61.790000915527344,-9.4,-11.46,1.15,2020-12-29,2021-01-04,2021-01-21,False,,7.6319,-6.4818999999999996,False,2020
RILY,"B. Riley Financial, Inc.",2021-01-13,2021-01-13,2021-01-13,5060000,2,855.9,$500M-$5B,False,False,32.454437255859375,-3.72,2.21,13.16,2021-01-20,2021-01-25,2021-02-12,False,,8.348,4.811999999999999,True,2021
CGEM,"Cullinan Management, Inc.",2021-01-14,2021-01-12,2021-01-12,16800000,3,1418.7,$500M-$5B,False,False,35.08000183105469,8.84,10.01,21.24,2021-01-21,2021-01-25,2021-02-16,False,,5.5576,15.682399999999998,True,2021
DFH,"Dream Finders Homes, Inc.",2021-01-27,2021-01-25,2021-01-25,1170000,2,2079.9,$500M-$5B,False,False,20.600000381469727,26.21,45.19,13.74,2021-02-03,2021-02-08,2021-02-26,False,,4.26,9.48,True,2021
TERN,"Terns Pharmaceuticals, Inc.",2021-02-09,2021-02-09,2021-02-09,19380000,2,498.9,$200M-$500M,False,False,21.56999969482422,-2.74,-4.03,8.76,2021-02-16,2021-02-19,2021-03-11,False,,1.6814,7.0786,True,2021
DCOM,"Dime Community Bancshares, Inc. /ny/",2021-02-16,2021-02-02,2021-02-16,10820745,2,740.3,$500M-$5B,False,False,22.946836471557617,4.88,6.21,16.18,2021-02-23,2021-02-26,2021-03-18,False,,-0.2613,16.4413,True,2021
ADC,Agree Realty Corp,2021-03-04,2021-03-02,2021-03-03,755591,3,3213.5,$500M-$5B,False,False,51.76102828979492,2.11,7.69,7.11,2021-03-11,2021-03-15,2021-04-05,False,,5.724,1.3860000000000001,True,2021
EWTX,"Edgewise Therapeutics, Inc.",2021-03-31,2021-03-30,2021-03-30,25750000,3,1545.9,$500M-$5B,False,False,30.01000022888184,-0.03,-4.67,-4.57,2021-04-07,2021-04-12,2021-04-30,False,,1.7878,-6.3578,False,2021
DSGN,"Design Therapeutics, Inc.",2021-04-01,2021-03-30,2021-03-30,5500000,2,1580.7,$500M-$5B,False,False,29.420000076293945,-0.2,-14.11,-6.63,2021-04-08,2021-04-12,2021-05-03,False,,1.0056,-7.6356,False,2021
PACK,Ranpak Holdings Corp.,2021-04-05,2020-06-01,2020-06-08,2597505,2,1601.2,$500M-$5B,False,False,20.600000381469727,-1.65,-9.03,-2.23,2021-04-12,2021-04-15,2021-05-05,False,,-1.1424,-1.0876,False,2021
CTOS,"Custom Truck One Source, Inc.",2021-04-05,2021-04-01,2021-04-01,875000,3,449.3,$200M-$500M,False,False,9.479999542236328,3.69,3.27,11.29,2021-04-12,2021-04-15,2021-05-05,False,,-1.1424,12.4324,True,2021
RXRX,"Recursion Pharmaceuticals, Inc.",2021-04-20,2021-04-16,2021-04-16,51799986,2,4854.9,$500M-$5B,False,False,32.54999923706055,-3.41,2.61,-30.11,2021-04-27,2021-04-30,2021-05-20,False,,1.0176,-31.1276,False,2021
HOWL,"Werewolf Therapeutics, Inc.",2021-05-06,2021-05-04,2021-05-04,38944928,7,375.6,$200M-$500M,False,False,14.25,-18.6,-16.0,-14.81,2021-05-13,2021-05-17,2021-06-07,False,,3.5312,-18.3412,False,2021
FSBC,Five Star Bancorp,2021-05-06,2021-05-04,2021-05-04,994180,3,344.6,$200M-$500M,False,False,21.67578887939453,0.16,4.42,4.46,2021-05-13,2021-05-17,2021-06-07,False,,3.5312,0.9287999999999998,True,2021
SMMT,Summit Therapeutics Inc.,2021-05-14,2021-05-12,2021-05-12,61596189,2,448.6,$200M-$500M,False,False,6.849999904632568,23.5,11.68,-3.36,2021-05-21,2021-05-24,2021-06-14,False,,4.6815,-8.0415,False,2021
VERA,"Vera Therapeutics, Inc.",2021-05-18,2021-05-18,2021-05-18,34499971,4,252.9,$200M-$500M,False,False,15.260000228881836,29.36,13.04,1.05,2021-05-25,2021-05-28,2021-06-17,False,,3.6384,-2.5884,False,2021
CWGL,"Crimson Wine Group, Ltd",2021-05-24,2021-05-20,2021-05-20,6221876,2,204.3,$200M-$500M,False,False,9.100000381469728,-2.2,0.0,3.3,2021-06-01,2021-06-03,2021-06-23,False,,3.4343,-0.13430000000000009,False,2021
JANX,"Janux Therapeutics, Inc.",2021-06-16,2021-06-15,2021-06-15,32099961,3,753.3,$500M-$5B,False,False,18.65999984741211,24.38,31.94,43.35,2021-06-23,2021-06-28,2021-07-16,False,,-6.4906,49.8406,True,2021
UHAL,Amerco /nv/,2021-06-16,2021-06-15,2021-06-15,90278614,2,1043.7,$500M-$5B,False,False,52.92890930175781,3.74,7.9,7.26,2021-06-23,2021-06-28,2021-07-16,False,,-6.4906,13.750599999999999,True,2021
IPSC,"Century Therapeutics, Inc.",2021-06-23,2021-06-22,2021-06-22,17000000,2,1400.2,$500M-$5B,False,False,25.209999084472656,16.38,8.37,15.99,2021-06-30,2021-07-06,2021-07-23,False,,-3.9841,19.9741,True,2021
RIG,Transocean Ltd.,2021-06-28,2021-06-15,2021-06-25,108226000,2,2666.7,$500M-$5B,False,False,4.650000095367432,0.86,-2.58,-22.15,2021-07-06,2021-07-08,2021-07-28,False,,-4.1746,-17.9754,False,2021
GLUE,"Monte Rosa Therapeutics, Inc.",2021-06-30,2021-06-28,2021-06-28,265350010,15,965.7,$500M-$5B,False,False,22.239999771118164,-11.74,-13.49,10.25,2021-07-07,2021-07-12,2021-07-30,False,,-3.6273,13.8773,True,2021
CVRX,"Cvrx, Inc.",2021-07-07,2021-07-02,2021-07-02,13513500,3,371.6,$200M-$500M,False,False,18.38999938964844,12.72,9.24,18.16,2021-07-14,2021-07-19,2021-08-06,False,,-0.1653,18.3253,True,2021
DNUT,"Krispy Kreme, Inc.",2021-07-08,2021-07-06,2021-07-06,98962507,2,2796.3,$500M-$5B,False,False,18.42119598388672,-11.3,-12.08,-17.57,2021-07-15,2021-07-19,2021-08-09,False,,0.2075,-17.7775,False,2021
ABOS,"Acumen Pharmaceuticals, Inc.",2021-07-08,2021-07-06,2021-07-06,28696000,3,657.6,$500M-$5B,False,False,18.899999618530277,-8.47,1.11,-20.42,2021-07-15,2021-07-19,2021-08-09,False,,0.2075,-20.6275,False,2021
AFIB,"Acutus Medical, Inc.",2021-07-21,2021-07-19,2021-07-19,29999984,2,405.3,$200M-$500M,False,False,16.329999923706055,-7.35,-4.84,-18.86,2021-07-28,2021-08-02,2021-08-20,False,,-2.9451,-15.9149,False,2021
CADL,"Candel Therapeutics, Inc.",2021-08-04,2021-07-29,2021-07-29,13200000,2,208.5,$200M-$500M,False,False,7.590000152587891,11.33,-3.95,7.38,2021-08-11,2021-08-16,2021-09-03,False,,4.5161,2.8639,True,2021
GPMT,Granite Point Mortgage Trust Inc.,2021-08-12,2021-08-12,2021-08-12,205332,2,430.2,$200M-$500M,False,False,8.074434280395508,-3.21,0.07,-0.22,2021-08-19,2021-08-23,2021-09-13,False,,-0.1255,-0.0945,False,2021
OSBC,Old Second Bancorp Inc,2021-08-12,2021-08-12,2021-08-12,211449,2,313.7,$200M-$500M,False,False,11.272990226745604,-2.07,-1.24,0.83,2021-08-19,2021-08-23,2021-09-13,False,,-0.1255,0.9555,True,2021
RILY,"B. Riley Financial, Inc.",2021-08-19,2021-08-17,2021-08-19,8500229,2,1309.0,$500M-$5B,False,False,47.19020080566406,2.85,4.62,-9.03,2021-08-26,2021-08-30,2021-09-20,False,,2.4771,-11.5071,False,2021
BMEA,"Biomea Fusion, Inc.",2021-08-19,2021-04-15,2021-04-15,6603590,2,306.5,$200M-$500M,True,False,11.170000076293944,16.29,23.19,-7.34,2021-08-26,2021-08-30,2021-09-20,False,,2.4771,-9.8171,False,2021
RRGB,Red Robin Gourmet Burgers Inc,2021-08-24,2021-08-23,2021-08-24,334450,2,354.0,$200M-$500M,False,False,24.07999992370605,1.66,0.08,-1.04,2021-08-31,2021-09-03,2021-09-23,False,,1.3662,-2.4062,False,2021
HUMA,"Humacyte, Inc.",2021-08-27,2021-08-26,2021-08-26,30450000,2,2708.6,$500M-$5B,False,True,13.300000190734863,4.06,4.96,-3.98,2021-09-03,2021-09-07,2021-09-27,False,,0.3162,-4.2962,False,2021
SLQT,"Selectquote, Inc.",2021-08-30,2021-08-30,2021-08-30,3905101,3,1454.9,$500M-$5B,True,False,9.550000190734863,31.2,37.59,34.66,2021-09-07,2021-09-09,2021-09-29,False,,-1.77,36.43,True,2021
FOA,Finance of America Companies Inc.,2021-09-02,2021-08-18,2021-09-01,981784,2,3269.5,$500M-$5B,True,False,56.400001525878906,-5.5,-10.82,-12.23,2021-09-09,2021-09-13,2021-10-04,False,,-3.5336,-8.6964,False,2021
DNUT,"Krispy Kreme, Inc.",2021-09-07,2021-08-19,2021-09-02,27773617,2,2387.4,$500M-$5B,True,False,14.524954795837402,2.3,0.0,-9.6,2021-09-14,2021-09-17,2021-10-07,False,,-1.0838,-8.5162,False,2021
XPOF,"Xponential Fitness, Inc.",2021-09-15,2021-09-10,2021-09-14,310533,2,547.2,$500M-$5B,True,False,12.1899995803833,-8.45,-0.41,30.19,2021-09-22,2021-09-27,2021-10-15,False,,1.717,28.473000000000003,True,2021
OSCR,"Oscar Health, Inc.",2021-09-17,2021-09-02,2021-09-16,43548079,2,3634.3,$500M-$5B,False,False,17.149999618530273,-0.99,3.79,-13.59,2021-09-24,2021-09-27,2021-10-18,False,,1.4526,-15.0426,False,2021
ACT,"Enact Holdings, Inc.",2021-09-20,2021-09-20,2021-09-20,1178000,3,2604.6,$500M-$5B,False,False,16.123607635498047,8.9,9.6,15.69,2021-09-27,2021-09-30,2021-10-20,False,,5.0043,10.6857,True,2021
TRDA,"Entrada Therapeutics, Inc.",2021-11-05,2021-11-02,2021-11-02,16000000,5,743.6,$500M-$5B,False,False,26.700000762939453,21.35,28.99,-16.63,2021-11-12,2021-11-15,2021-12-06,False,,-9.4248,-7.2052,False,2021
CMTG,"Claros Mortgage Trust, Inc.",2021-11-09,2021-11-05,2021-11-05,5373009,2,1771.0,$500M-$5B,False,False,12.644622802734377,0.59,3.54,-0.94,2021-11-16,2021-11-19,2021-12-09,False,,-8.5548,7.614800000000001,True,2021
PRM,"Perimeter Solutions, Sa",2021-11-10,2021-11-09,2021-11-09,5698710,3,2011.4,$500M-$5B,False,True,13.170000076293944,-0.23,-1.82,-10.63,2021-11-17,2021-11-22,2021-12-10,False,,-7.3478,-3.2822000000000005,False,2021
IOBT,"Io Biotech, Inc.",2021-11-12,2021-11-09,2021-11-09,34549998,2,319.0,$200M-$500M,False,False,11.199999809265137,-22.23,-30.89,-10.45,2021-11-19,2021-11-22,2021-12-13,False,,-9.5214,-0.9285999999999994,False,2021
DNUT,"Krispy Kreme, Inc.",2021-11-15,2021-11-11,2021-11-11,1247607,2,2298.2,$500M-$5B,True,False,13.922733306884766,-3.44,6.19,10.04,2021-11-22,2021-11-26,2021-12-15,False,,-8.5135,18.5535,True,2021
SLVM,Sylvamo Corp,2021-11-16,2021-11-11,2021-11-15,1847245,3,1304.6,$500M-$5B,False,False,29.51760482788086,-6.24,-6.15,-17.14,2021-11-23,2021-11-26,2021-12-16,False,,-10.5287,-6.6113,False,2021
UAN,"Cvr Partners, LP",2021-11-17,2021-11-15,2021-11-16,554700,2,414.5,$200M-$500M,False,False,40.454383850097656,0.05,-1.9,-2.87,2021-11-24,2021-11-29,2021-12-17,False,,-8.5078,5.6377999999999995,True,2021
VCTR,"Victory Capital Holdings, Inc.",2021-11-22,2021-11-22,2021-11-22,1277478,2,2013.8,$500M-$5B,False,False,30.39118003845215,-0.11,3.04,2.36,2021-11-29,2021-12-02,2021-12-22,False,,-4.6523,7.0123,True,2021
ATEC,"Alphatec Holdings, Inc.",2021-11-26,2021-11-11,2021-11-23,3299541,3,1049.5,$500M-$5B,True,False,10.81999969482422,-0.65,5.45,15.34,2021-12-03,2021-12-06,2021-12-27,False,,0.8754,14.4646,True,2021
PGEN,"Precigen, Inc.",2021-11-30,2021-11-19,2021-11-26,3735618,2,890.7,$500M-$5B,True,False,3.849999904632568,2.34,0.0,-0.78,2021-12-07,2021-12-10,2021-12-30,False,,2.4922,-3.2721999999999998,False,2021
KD,"Kyndryl Holdings, Inc.",2021-11-30,2021-11-29,2021-11-29,1245056,2,3541.3,$500M-$5B,True,False,15.75,21.46,15.37,16.7,2021-12-07,2021-12-10,2021-12-30,False,,2.4922,14.207799999999999,True,2021
SLVM,Sylvamo Corp,2021-11-30,2021-11-15,2021-11-29,938061,2,1193.5,$500M-$5B,False,False,27.8375244140625,2.28,-2.44,-9.44,2021-12-07,2021-12-10,2021-12-30,False,,2.4922,-11.9322,False,2021
CHGG,"Chegg, Inc",2021-12-03,2021-12-01,2021-12-01,1276708,2,4139.7,$500M-$5B,True,False,29.43000030517578,-6.32,-5.13,5.74,2021-12-10,2021-12-13,2022-01-03,False,,5.2604,0.47960000000000047,True,2021
EVER,"Everquote, Inc.",2021-12-07,2021-11-23,2021-12-06,2738845,2,434.3,$200M-$500M,False,False,15.9399995803833,-5.65,-2.13,-2.7,2021-12-14,2021-12-17,2022-01-06,False,,-2.158,-0.5420000000000003,False,2021
EVER,"Everquote, Inc.",2021-12-15,2021-12-06,2021-12-14,3645208,2,454.1,$200M-$500M,False,False,15.760000228881836,2.03,-2.54,2.66,2021-12-22,2021-12-27,2022-01-14,False,,-1.5029,4.1629000000000005,True,2021
ARHS,"Arhaus, Inc.",2021-12-15,2021-12-10,2021-12-14,697550,2,2307.1,$500M-$5B,False,False,10.323647499084473,-5.8,-3.12,-7.14,2021-12-22,2021-12-27,2022-01-14,False,,-1.5029,-5.6371,False,2021
GIC,Global Industrial Co,2021-12-16,2021-12-16,2021-12-16,184100315,3,1321.2,$500M-$5B,False,False,35.60779571533203,1.75,3.43,-10.43,2021-12-23,2021-12-27,2022-01-18,False,,-2.5096,-7.9204,False,2021
AMRX,"Amneal Pharmaceuticals, Inc.",2021-12-17,2021-12-15,2021-12-15,1251000,2,637.8,$500M-$5B,True,False,4.559999942779541,11.62,11.62,-1.32,2021-12-27,2021-12-27,2022-01-18,False,,-3.3978,2.0778,True,2021
PRGO,Perrigo Co Plc,2021-12-20,2021-12-03,2021-12-17,1239177,3,4397.6,$500M-$5B,True,False,33.53178405761719,1.4,-0.2,1.53,2021-12-27,2021-12-30,2022-01-19,False,,-3.6159,5.1459,True,2021
PSN,Parsons Corp,2021-12-20,2021-12-15,2021-12-16,1246797,2,3200.7,$500M-$5B,True,False,32.900001525878906,3.68,2.83,-2.22,2021-12-27,2021-12-30,2022-01-19,False,,-3.6159,1.3958999999999997,True,2021
BDSX,Biodesix Inc,2022-01-31,2021-12-30,2021-12-30,20699994,2,2456.6,$500M-$5B,False,False,79.80000305175781,-12.28,-10.03,-39.6,2022-02-07,2022-02-10,2022-03-02,False,,1.4907,-41.0907,False,2022
ACLX,"Arcellx, Inc.",2022-02-09,2022-02-08,2022-02-08,36249990,2,550.1,$500M-$5B,False,False,16.860000610351562,2.02,10.62,-1.07,2022-02-16,2022-02-22,2022-03-11,False,,-4.782,3.7119999999999997,True,2022
LOB,"Live Oak Bancshares, Inc.",2022-02-11,2022-02-09,2022-02-09,1399565,2,2597.4,$500M-$5B,False,False,62.37394332885742,0.58,-4.46,-10.64,2022-02-18,2022-02-22,2022-03-14,False,,-4.3053,-6.334700000000001,False,2022
SKYX,Sql Technologies Corp.,2022-02-16,2022-02-14,2022-02-14,3499958,2,1015.3,$500M-$5B,False,False,13.890000343322754,0.07,-24.41,-2.74,2022-02-23,2022-02-28,2022-03-18,False,,0.3777,-3.1177,False,2022
NOTV,"Inotiv, Inc.",2022-02-22,2022-02-16,2022-02-18,489360,3,653.3,$500M-$5B,False,False,22.670000076293945,14.38,5.82,0.49,2022-03-01,2022-03-04,2022-03-24,False,,4.8737,-4.3837,False,2022
AMWD,American Woodmark Corp,2022-03-03,2022-03-01,2022-03-01,218829,2,959.3,$500M-$5B,False,False,58.81999969482422,0.71,-4.37,-13.75,2022-03-10,2022-03-14,2022-04-04,False,,3.2201,-16.9701,False,2022
JRVR,"James River Group Holdings, Ltd.",2022-03-07,2022-03-03,2022-03-04,1284743,2,772.6,$500M-$5B,True,False,21.11458778381348,-5.13,-1.12,12.7,2022-03-14,2022-03-17,2022-04-06,False,,3.5016,9.1984,True,2022
HLMN,Hillman Solutions Corp.,2022-03-07,2022-03-07,2022-03-07,1496500,2,2028.5,$500M-$5B,False,False,10.31999969482422,0.39,7.46,12.4,2022-03-14,2022-03-17,2022-04-06,False,,3.5016,8.8984,True,2022
FRST,Primis Financial Corp.,2022-03-10,2022-03-08,2022-03-08,451526,2,1276.5,$500M-$5B,False,False,12.29687786102295,0.7,-0.07,-3.94,2022-03-17,2022-03-21,2022-04-11,False,,-1.4974,-2.4425999999999997,False,2022
DOUG,Douglas Elliman Inc.,2022-03-14,2022-03-04,2022-03-10,512200,2,487.6,$200M-$500M,True,False,6.085137844085693,16.29,8.99,5.27,2022-03-21,2022-03-24,2022-04-13,False,,4.46,0.8099999999999996,True,2022
JHG,Janus Henderson Group Plc,2022-03-15,2022-03-07,2022-03-11,185710056,2,4751.7,$500M-$5B,False,False,29.091426849365234,1.87,-0.68,-7.12,2022-03-22,2022-03-25,2022-04-14,False,,1.824,-8.944,False,2022
EXLS,"Exlservice Holdings, Inc.",2022-03-18,2022-03-11,2022-03-16,604727,4,913.6,$500M-$5B,False,False,27.70400047302246,-1.28,-1.6,3.87,2022-03-25,2022-03-28,2022-04-18,False,,-4.4684,8.3384,True,2022
ANIP,Ani Pharmaceuticals Inc,2022-03-23,2022-03-17,2022-03-21,751587,3,491.1,$200M-$500M,True,False,27.950000762939453,3.11,4.36,15.53,2022-03-30,2022-04-04,2022-04-22,False,,-5.317,20.847,True,2022
ORIC,"Oric Pharmaceuticals, Inc.",2022-03-31,2022-03-23,2022-03-31,2045332,2,210.6,$200M-$500M,False,False,6.599999904632568,-18.79,-29.85,-46.36,2022-04-07,2022-04-11,2022-05-02,False,,-8.9541,-37.4059,False,2022
JHG,Janus Henderson Group Plc,2022-03-31,2022-03-29,2022-03-29,48642122,2,4888.5,$500M-$5B,False,False,29.421730041503903,-5.05,-5.25,-13.58,2022-04-07,2022-04-11,2022-05-02,False,,-8.9541,-4.6259,False,2022
VERA,"Vera Therapeutics, Inc.",2022-04-05,2022-02-10,2022-02-10,8999985,2,627.1,$500M-$5B,False,False,22.81999969482422,-1.23,1.88,-18.54,2022-04-12,2022-04-18,2022-05-05,False,,-8.5325,-10.007499999999999,False,2022
BRZE,"Braze, Inc.",2022-04-12,2022-04-06,2022-04-08,29999978,2,3645.4,$500M-$5B,False,False,43.52000045776367,7.97,-3.86,-32.19,2022-04-19,2022-04-22,2022-05-12,False,,-12.4569,-19.7331,False,2022
WULF,Terawulf Inc.,2022-04-13,2022-04-11,2022-04-11,3749998,2,595.0,$500M-$5B,False,False,5.679999828338623,-5.46,-29.93,-40.67,2022-04-20,2022-04-25,2022-05-13,False,,-11.3683,-29.301700000000004,False,2022
PLAY,"Dave &amp; Buster'S Entertainment, Inc.",2022-04-14,2022-04-08,2022-04-13,632200,2,2233.1,$500M-$5B,False,False,47.709999084472656,-1.13,1.72,-21.63,2022-04-21,2022-04-25,2022-05-16,False,,-10.9268,-10.703199999999999,False,2022
RILY,"B. Riley Financial, Inc.",2022-05-13,2022-05-02,2022-05-13,18026711,3,1106.4,$500M-$5B,True,False,40.443580627441406,2.19,2.03,-5.35,2022-05-20,2022-05-23,2022-06-13,False,,-4.1677,-1.1822999999999997,False,2022
SFNC,Simmons First National Corp,2022-05-13,2022-05-03,2022-05-03,841000,2,2697.8,$500M-$5B,True,False,20.46245574951172,1.9,3.89,-7.52,2022-05-20,2022-05-23,2022-06-13,False,,-4.1677,-3.3522999999999996,False,2022
BW,"Babcock &amp; Wilcox Enterprises, Inc.",2022-05-16,2022-05-12,2022-05-12,271601,2,626.3,$500M-$5B,False,False,6.949999809265137,-7.34,-3.45,-5.32,2022-05-23,2022-05-26,2022-06-15,False,,-2.7689,-2.5511000000000004,False,2022
KD,"Kyndryl Holdings, Inc.",2022-05-16,2022-05-12,2022-05-13,1202383,2,2735.0,$500M-$5B,False,False,13.220000267028809,-0.45,-6.35,-22.09,2022-05-23,2022-05-26,2022-06-15,False,,-2.7689,-19.3211,False,2022
JXN,Jackson Financial Inc.,2022-05-17,2022-05-13,2022-05-13,978463,4,2463.2,$500M-$5B,False,False,27.838722229003903,-4.02,7.12,-16.8,2022-05-24,2022-05-27,2022-06-16,False,,-10.0241,-6.7759,False,2022
ABCL,Abcellera Biologics Inc.,2022-05-17,2022-05-12,2022-05-16,1759930,2,2319.0,$500M-$5B,False,False,8.029999732971191,-9.59,-1.62,15.32,2022-05-24,2022-05-27,2022-06-16,False,,-10.0241,25.3441,True,2022
RPAY,Repay Holdings Corp,2022-05-19,2022-05-18,2022-05-18,1305000,2,1162.4,$500M-$5B,False,False,12.789999961853027,-1.88,-2.66,-3.83,2022-05-26,2022-05-31,2022-06-21,False,,-4.5017,0.6716999999999995,True,2022
ORLY,O Reilly Automotive Inc,2022-05-23,2022-05-20,2022-05-23,601235,2,2537.5,$500M-$5B,True,False,40.54533386230469,4.77,4.27,0.11,2022-05-31,2022-06-02,2022-06-22,False,,-5.582,5.692,True,2022
RILY,"B. Riley Financial, Inc.",2022-05-24,2022-05-09,2022-05-20,9033160,3,1134.8,$500M-$5B,True,False,42.304649353027344,5.33,5.41,-12.15,2022-05-31,2022-06-03,2022-06-23,False,,-3.0144,-9.1356,False,2022
NIC,Nicolet Bankshares Inc,2022-05-26,2022-05-24,2022-05-24,584689,2,1031.6,$500M-$5B,False,False,77.72901916503906,0.72,0.25,-7.87,2022-06-02,2022-06-06,2022-06-27,False,,-3.5666,-4.3034,False,2022
CNDT,Conduent Inc,2022-08-05,2022-08-04,2022-08-04,401403,2,936.6,$500M-$5B,True,False,4.590000152587891,0.87,1.53,-13.29,2022-08-12,2022-08-15,2022-09-06,False,,-6.5461,-6.743899999999999,False,2022
QTRX,Quanterix Corp,2022-08-16,2022-08-12,2022-08-12,1404071,2,361.4,$200M-$500M,False,False,9.789999961853027,-4.29,-3.17,5.41,2022-08-23,2022-08-26,2022-09-15,False,,-9.6323,15.042300000000001,True,2022
PVH,Pvh Corp. /de/,2022-09-07,2022-09-06,2022-09-06,1200094,3,3756.3,$500M-$5B,True,False,57.517696380615234,-4.15,-5.01,-17.71,2022-09-14,2022-09-19,2022-10-07,False,,-6.975,-10.735000000000001,False,2022
RILY,"B. Riley Financial, Inc.",2022-09-08,2022-08-30,2022-09-07,2713838,2,1178.5,$500M-$5B,False,False,42.5404052734375,-6.95,-1.82,-13.21,2022-09-15,2022-09-19,2022-10-10,False,,-8.2591,-4.950900000000001,False,2022
PLPC,Preformed Line Products Co,2022-09-16,2022-09-14,2022-09-14,107945280,3,368.7,$200M-$500M,False,False,75.2705078125,-6.35,-6.56,-3.05,2022-09-23,2022-09-26,2022-10-17,False,,-3.3352,0.2852000000000001,True,2022
EWTX,"Edgewise Therapeutics, Inc.",2022-09-16,2022-09-14,2022-09-16,9999998,2,588.5,$500M-$5B,False,False,8.920000076293945,2.35,4.93,10.87,2022-09-23,2022-09-26,2022-10-17,False,,-3.3352,14.2052,True,2022
HUBG,"Hub Group, Inc.",2022-09-22,2022-08-09,2022-08-09,24361670,2,1196.5,$500M-$5B,False,False,33.20441055297852,3.98,4.73,7.16,2022-09-29,2022-10-03,2022-10-24,False,,1.7196,5.4404,True,2022
BRZE,"Braze, Inc.",2022-10-03,2022-09-16,2022-09-29,70456748,2,3310.1,$500M-$5B,False,False,38.650001525878906,-13.97,-23.7,-33.32,2022-10-10,2022-10-13,2022-11-02,False,,4.8438,-38.1638,False,2022
AZZ,Azz Inc,2022-10-17,2022-10-14,2022-10-14,209640,2,842.2,$500M-$5B,False,False,36.37211608886719,-3.47,2.84,6.36,2022-10-24,2022-10-27,2022-11-16,False,,7.0412,-0.6811999999999996,False,2022
PLAY,"Dave &amp; Buster'S Entertainment, Inc.",2022-10-18,2022-10-11,2022-10-14,1059287,3,1714.3,$500M-$5B,False,False,35.13999938964844,4.87,14.54,12.12,2022-10-25,2022-10-28,2022-11-17,False,,4.8056,7.314399999999999,True,2022
PRME,"Prime Medicine, Inc.",2022-10-26,2022-10-24,2022-10-24,27200000,2,1570.9,$500M-$5B,False,False,17.299999237060547,17.4,4.91,19.71,2022-11-02,2022-11-07,2022-11-25,False,,3.647,16.063000000000002,True,2022
BHVN,Biohaven Ltd.,2022-11-01,2022-10-25,2022-10-31,12978256,2,1078.9,$500M-$5B,False,False,14.6899995803833,5.99,10.76,12.53,2022-11-08,2022-11-11,2022-12-01,False,,1.8412,10.688799999999999,True,2022
SSP,E.W. Scripps Co,2022-11-07,2022-11-03,2022-11-03,6374022,8,848.6,$500M-$5B,False,False,8.691728591918945,24.05,25.17,20.33,2022-11-14,2022-11-17,2022-12-07,False,,0.0279,20.3021,True,2022
VRNS,Varonis Systems Inc,2022-11-07,2022-11-03,2022-11-07,1601536,3,1828.5,$500M-$5B,True,False,18.670000076293945,11.03,10.61,9.86,2022-11-14,2022-11-17,2022-12-07,False,,0.0279,9.832099999999999,True,2022
B,Barnes Group Inc,2022-11-08,2022-11-01,2022-11-07,2634596,2,724.0,$500M-$5B,False,False,14.078039169311523,4.23,1.76,10.52,2022-11-15,2022-11-18,2022-12-08,False,,0.7129,9.8071,True,2022
HASI,"Hannon Armstrong Sustainable Infrastructure Capital, Inc.",2022-11-09,2022-11-09,2022-11-09,581990,2,2101.8,$500M-$5B,False,False,26.224349975585938,-3.27,-3.99,-0.5,2022-11-16,2022-11-21,2022-12-09,False,,2.2848,-2.7848,False,2022
KD,"Kyndryl Holdings, Inc.",2022-11-09,2022-11-07,2022-11-08,1237657,2,2034.3,$500M-$5B,True,False,10.260000228881836,1.85,-1.17,2.73,2022-11-16,2022-11-21,2022-12-09,False,,2.2848,0.4451999999999998,True,2022
BW,"Babcock &amp; Wilcox Enterprises, Inc.",2022-11-14,2022-11-10,2022-11-10,346647,2,463.6,$200M-$500M,False,False,5.210000038146973,-5.57,-10.17,-2.3,2022-11-21,2022-11-25,2022-12-14,False,,-2.05,-0.25,False,2022
OPRT,Oportun Financial Corp,2022-11-14,2022-11-10,2022-11-10,595738,2,204.5,$200M-$500M,False,False,7.099999904632568,-15.77,-14.08,-22.54,2022-11-21,2022-11-25,2022-12-14,False,,-2.05,-20.49,False,2022
RPAY,Repay Holdings Corp,2022-11-14,2022-11-11,2022-11-11,281670,2,682.0,$500M-$5B,False,False,8.130000114440918,-6.03,1.97,-1.48,2022-11-21,2022-11-25,2022-12-14,False,,-2.05,0.5699999999999998,True,2022
CRSR,"Corsair Gaming, Inc.",2022-11-17,2022-11-15,2022-11-15,69999996,2,1695.4,$500M-$5B,False,False,17.049999237060547,-1.47,-5.22,-16.13,2022-11-25,2022-11-28,2022-12-19,False,,-5.3338,-10.796199999999999,False,2022
HLMN,Hillman Solutions Corp.,2022-11-30,2022-11-30,2022-11-30,1491325,2,1548.0,$500M-$5B,False,False,8.4399995803833,-6.64,-8.65,-14.57,2022-12-07,2022-12-12,2022-12-30,False,,-6.5141,-8.055900000000001,False,2022
GIII,G III Apparel Group Ltd /de/,2022-12-05,2022-12-05,2022-12-05,3381240,2,578.2,$500M-$5B,True,False,13.485950469970703,-1.69,-0.22,6.33,2022-12-12,2022-12-15,2023-01-04,False,,-3.5544,9.8844,True,2022
ERNA,Eterna Therapeutics Inc.,2022-12-06,2022-12-02,2022-12-02,1960378,2,4920.7,$500M-$5B,False,False,1751.25,-8.57,-19.49,-28.27,2022-12-13,2022-12-16,2023-01-05,False,,-3.1036,-25.1664,False,2022
PLAY,"Dave &amp; Buster'S Entertainment, Inc.",2022-12-12,2022-12-08,2022-12-08,747328,3,1728.8,$500M-$5B,False,False,35.61000061035156,-7.08,-2.08,14.86,2022-12-19,2022-12-22,2023-01-11,False,,1.5954,13.2646,True,2022
FRSH,Freshworks Inc.,2022-12-15,2022-12-13,2022-12-13,3756556,2,4212.2,$500M-$5B,False,False,14.68000030517578,-4.22,-6.13,10.35,2022-12-22,2022-12-27,2023-01-17,False,,6.3411,4.0089,True,2022
JBSS,Sanfilippo John B &amp; Son Inc,2023-02-03,2023-02-01,2023-02-01,699042,2,955.0,$500M-$5B,False,False,82.62855529785156,-2.24,-0.38,-4.56,2023-02-10,2023-02-13,2023-03-06,False,,-4.2083,-0.35169999999999924,False,2023
VERA,"Vera Therapeutics, Inc.",2023-02-08,2023-02-06,2023-02-06,13999993,2,319.2,$200M-$500M,False,False,7.28000020980835,8.1,10.44,1.24,2023-02-15,2023-02-21,2023-03-10,False,,-8.5824,9.8224,True,2023
RILY,"B. Riley Financial, Inc.",2023-02-09,2023-02-08,2023-02-08,6235716,2,959.9,$500M-$5B,False,False,34.8090705871582,7.68,-0.37,-24.59,2023-02-16,2023-02-21,2023-03-13,False,,-8.7506,-15.8394,False,2023
MLYS,"Mineralys Therapeutics, Inc.",2023-02-16,2023-02-14,2023-02-14,19100000,3,693.3,$500M-$5B,False,False,17.93000030517578,1.0,-4.46,-17.18,2023-02-23,2023-02-27,2023-03-20,False,,-9.9429,-7.2371,False,2023
TTI,Tetra Technologies Inc,2023-03-08,2023-03-07,2023-03-08,205800,2,437.5,$200M-$500M,True,False,3.3399999141693115,-17.07,-24.25,-8.68,2023-03-15,2023-03-20,2023-04-10,False,,-5.4671,-3.2128999999999994,False,2023
CUBI,"Customers Bancorp, Inc.",2023-03-14,2023-03-13,2023-03-14,606550,2,571.4,$500M-$5B,True,False,20.040000915527344,-1.35,-9.03,-9.53,2023-03-21,2023-03-24,2023-04-13,False,,1.3072,-10.8372,False,2023
RILY,"B. Riley Financial, Inc.",2023-03-16,2023-03-10,2023-03-15,477568,2,800.6,$500M-$5B,True,False,26.06664085388184,-3.59,-4.87,-0.34,2023-03-23,2023-03-27,2023-04-17,False,,1.9659,-2.3059,False,2023
GH,"Guardant Health, Inc.",2023-03-16,2023-03-13,2023-03-14,4950019,2,2901.3,$500M-$5B,True,False,27.940000534057617,-12.38,-12.92,-10.52,2023-03-23,2023-03-27,2023-04-17,False,,1.9659,-12.485899999999999,False,2023
ONEW,Onewater Marine Inc.,2023-03-22,2023-03-17,2023-03-20,730900,2,397.5,$200M-$500M,True,False,25.350000381469727,4.18,10.14,9.23,2023-03-29,2023-04-03,2023-04-21,False,,3.8308,5.3992,True,2023
BRT,Brt Apartments Corp.,2023-03-27,2023-03-21,2023-03-23,1864240,3,304.0,$200M-$500M,True,False,15.768699645996094,5.78,-0.32,-6.1,2023-04-03,2023-04-06,2023-04-26,False,,-1.3299,-4.770099999999999,False,2023
RIG,Transocean Ltd.,2023-04-25,2022-05-13,2022-05-13,30000000,2,4237.5,$500M-$5B,False,False,5.75,-0.35,7.13,9.39,2023-05-02,2023-05-05,2023-05-25,False,,0.6414,8.7486,True,2023
UNTY,Unity Bancorp Inc /nj/,2023-04-28,2023-04-26,2023-04-26,908792,2,227.5,$200M-$500M,True,False,21.68468475341797,-5.68,-4.8,0.22,2023-05-05,2023-05-08,2023-05-30,False,,0.1713,0.04869999999999999,True,2023
ZION,"Zions Bancorporation, National Association /ut/",2023-05-05,2023-05-01,2023-05-04,1235415,3,3128.1,$500M-$5B,False,False,21.56624794006348,-7.54,0.29,20.46,2023-05-12,2023-05-15,2023-06-05,False,,2.9407,17.5193,True,2023
SFNC,Simmons First National Corp,2023-05-15,2023-04-28,2023-05-12,587090,3,1742.9,$500M-$5B,True,False,13.381072998046877,9.97,9.64,19.44,2023-05-22,2023-05-25,2023-06-14,False,,6.6321,12.8079,True,2023
GCO,Genesco Inc,2023-05-30,2023-05-30,2023-05-30,288824,2,230.9,$200M-$500M,True,False,18.030000686645508,12.65,16.42,40.65,2023-06-06,2023-06-09,2023-06-29,False,,6.4935,34.1565,True,2023
ZD,"Ziff Davis, Inc.",2023-06-02,2023-05-30,2023-05-31,706820,2,3046.0,$500M-$5B,True,False,63.54999923706055,3.7,4.34,10.31,2023-06-09,2023-06-12,2023-07-03,False,,3.3786,6.9314,True,2023
SVRA,Savara Inc,2023-07-19,2023-07-17,2023-07-17,8999991,9,438.0,$200M-$500M,False,False,3.4800000190734863,-5.17,2.87,1.72,2023-07-26,2023-07-31,2023-08-18,False,,-6.1738,7.8938,True,2023
HPK,"Highpeak Energy, Inc.",2023-07-21,2023-07-19,2023-07-19,80364984,3,1418.9,$500M-$5B,False,False,14.426309585571287,-7.72,1.75,-5.34,2023-07-28,2023-07-31,2023-08-21,False,,-5.1836,-0.15639999999999965,False,2023
RILY,"B. Riley Financial, Inc.",2023-07-27,2023-07-25,2023-07-26,9049920,3,1424.5,$500M-$5B,False,False,50.35811996459961,-5.69,-0.91,-10.67,2023-08-03,2023-08-07,2023-08-28,False,,-4.2698,-6.4002,False,2023
VAC,Marriott Vacations Worldwide Corp,2023-08-08,2023-08-07,2023-08-07,768590,2,3694.5,$500M-$5B,True,False,103.27224731445312,-3.2,-5.06,-10.14,2023-08-15,2023-08-18,2023-09-07,False,,-4.5318,-5.608200000000001,False,2023
SABR,Sabre Corp,2023-08-09,2023-08-08,2023-08-09,936038,3,1690.2,$500M-$5B,False,False,5.440000057220459,-2.94,-4.23,-7.54,2023-08-16,2023-08-21,2023-09-08,False,,-3.9933,-3.5467,False,2023
EMBC,Embecta Corp.,2023-08-10,2023-08-10,2023-08-10,311094,3,1058.7,$500M-$5B,True,False,18.48712921142578,-10.95,-17.57,-21.71,2023-08-17,2023-08-21,2023-09-11,False,,-3.3347,-18.3753,False,2023
HASI,"Hannon Armstrong Sustainable Infrastructure Capital, Inc.",2023-08-21,2023-08-18,2023-08-21,527000,4,1802.1,$500M-$5B,True,False,17.556669235229492,-1.07,8.65,16.32,2023-08-28,2023-08-31,2023-09-20,False,,-2.4515,18.7715,True,2023
BVS,Bioventus Inc.,2023-08-22,2023-08-10,2023-08-18,967183,2,234.2,$200M-$500M,False,False,3.950000047683716,-9.62,-11.14,-26.33,2023-08-29,2023-09-01,2023-09-21,False,,-3.6773,-22.6527,False,2023
SOWG,Sow Good Inc.,2023-08-29,2023-08-25,2023-08-25,1200000,2,438.1,$200M-$500M,False,False,90.0,16.67,16.67,8.33,2023-09-05,2023-09-08,2023-09-28,False,,-5.2152,13.545200000000001,True,2023
MIRM,"Mirum Pharmaceuticals, Inc.",2023-09-12,2023-08-31,2023-09-11,4181256,2,1189.5,$500M-$5B,False,False,29.959999084472656,3.47,2.54,-6.41,2023-09-19,2023-09-22,2023-10-12,False,,-6.3384,-0.07160000000000011,False,2023
VIRT,"Virtu Financial, Inc.",2023-09-13,2023-09-13,2023-09-13,1110631,2,2533.7,$500M-$5B,True,False,16.51438331604004,-2.9,-2.68,0.39,2023-09-20,2023-09-25,2023-10-13,False,,-6.5043,6.894299999999999,True,2023
NMRA,"Neumora Therapeutics, Inc.",2023-09-29,2023-09-19,2023-09-28,28563747,2,2144.0,$500M-$5B,False,False,11.010000228881836,10.26,8.45,-0.36,2023-10-06,2023-10-09,2023-10-30,False,,-7.7119,7.3519,True,2023
BHVN,Biohaven Ltd.,2023-10-10,2023-10-05,2023-10-05,10499984,2,2092.6,$500M-$5B,False,False,27.700000762939453,0.79,-1.19,-0.29,2023-10-17,2023-10-20,2023-11-09,False,,-4.9611,4.6711,True,2023
SRRK,Scholar Rock Holding Corp,2023-10-18,2023-10-12,2023-10-16,30086736,2,530.2,$500M-$5B,False,False,7.5,20.27,53.67,61.73,2023-10-25,2023-10-30,2023-11-17,False,,4.0502,57.6798,True,2023
B,Barnes Group Inc,2023-11-07,2023-10-31,2023-11-03,2723669,2,752.6,$500M-$5B,True,False,14.30854034423828,3.56,3.56,14.17,2023-11-14,2023-11-17,2023-12-07,False,,7.9732,6.1968,True,2023
LXEO,"Lexeo Therapeutics, Inc.",2023-11-09,2023-11-07,2023-11-07,7499987,2,851.9,$500M-$5B,False,True,10.779999732971191,2.88,5.19,-6.4,2023-11-16,2023-11-20,2023-12-11,False,,11.9289,-18.3289,False,2023
DMLP,"Dorchester Minerals, L.P.",2023-11-13,2023-11-10,2023-11-10,350144,2,861.0,$500M-$5B,True,False,22.148324966430664,-0.07,1.3,6.23,2023-11-20,2023-11-24,2023-12-13,False,,14.2815,-8.051499999999999,False,2023
JANX,"Janux Therapeutics, Inc.",2023-11-15,2023-11-13,2023-11-13,14965929,3,405.4,$200M-$500M,False,False,8.819999694824219,3.29,13.83,17.57,2023-11-22,2023-11-27,2023-12-15,False,,10.2198,7.350200000000001,True,2023
AMRC,"Ameresco, Inc.",2023-11-16,2023-11-09,2023-11-14,1921999,2,1361.2,$500M-$5B,False,False,28.940000534057617,-1.42,-4.98,10.71,2023-11-24,2023-11-27,2023-12-18,False,,12.0707,-1.3606999999999996,False,2023
SCVL,Shoe Carnival Inc,2023-12-05,2023-12-01,2023-12-01,10391080,2,635.0,$500M-$5B,False,False,25.04200553894043,3.88,10.2,5.0,2023-12-12,2023-12-15,2024-01-04,False,,5.4996,-0.49960000000000004,False,2023
WVE,Wave Life Sciences Ltd.,2024-01-30,2023-12-07,2023-12-11,26500000,2,513.5,$500M-$5B,False,False,4.320000171661377,-6.02,-5.09,11.34,2024-02-06,2024-02-09,2024-02-29,False,,3.0449,8.2951,True,2024
SANA,"Sana Biotechnology, Inc.",2024-02-12,2024-02-08,2024-02-08,29999988,3,1242.4,$500M-$5B,False,False,6.269999980926514,29.82,29.03,57.1,2024-02-20,2024-02-22,2024-03-13,False,,1.355,55.745000000000005,True,2024
AMN,Amn Healthcare Services Inc,2024-02-28,2024-02-27,2024-02-28,1393326,2,2116.8,$500M-$5B,True,False,56.27000045776367,3.59,5.54,10.38,2024-03-06,2024-03-11,2024-04-01,False,,3.227,7.1530000000000005,True,2024
GEF,"Greif, Inc",2024-03-13,2024-03-05,2024-03-08,3450066,2,2821.9,$500M-$5B,True,False,58.83960723876953,3.03,5.92,0.43,2024-03-20,2024-03-25,2024-04-12,False,,-3.1673,3.5973,True,2024
GENK,"Gen Restaurant Group, Inc.",2024-03-13,2024-03-11,2024-03-11,2833172,4,402.0,$200M-$500M,True,False,7.446933746337891,29.33,36.4,27.33,2024-03-20,2024-03-25,2024-04-12,False,,-3.1673,30.4973,True,2024
BOLD,"Boundless Bio, Inc.",2024-04-04,2024-04-02,2024-04-02,9600000,3,290.6,$200M-$500M,False,False,13.220000267028809,-12.03,-18.38,-25.79,2024-04-11,2024-04-15,2024-05-06,False,,0.3632,-26.1532,False,2024
PEPG,Pepgen Inc.,2024-04-09,2022-05-10,2022-05-10,15559632,2,392.8,$200M-$500M,False,False,11.899999618530272,5.8,-11.47,12.1,2024-04-16,2024-04-19,2024-05-09,False,,-0.252,12.352,True,2024
SOWG,Sow Good Inc.,2024-04-12,2024-03-28,2024-03-28,1837514,4,1999.8,$500M-$5B,False,False,293.3999938964844,-11.4,-10.53,-44.27,2024-04-19,2024-04-22,2024-05-13,False,,3.0449,-47.3149,False,2024
CRMT,Americas Carmart Inc,2024-04-15,2024-04-04,2024-04-11,1474849,2,355.0,$200M-$500M,True,False,56.59999847412109,0.44,0.21,14.95,2024-04-22,2024-04-25,2024-05-15,False,,6.9772,7.972799999999999,True,2024
NEOG,Neogen Corp,2024-04-17,2024-04-10,2024-04-17,564101,3,2629.6,$500M-$5B,True,False,11.93000030517578,3.69,4.11,13.5,2024-04-24,2024-04-29,2024-05-17,False,,7.8135,5.6865,True,2024
BRT,Brt Apartments Corp.,2024-04-17,2024-04-03,2024-04-15,3113908,3,257.2,$200M-$500M,True,False,14.702146530151367,6.14,8.72,6.14,2024-04-24,2024-04-29,2024-05-17,False,,7.8135,-1.6735000000000007,False,2024
CTRI,"Centuri Holdings, Inc.",2024-04-22,2024-04-22,2024-04-22,635250,2,2105.8,$500M-$5B,False,False,24.61000061035156,1.63,-1.34,6.91,2024-04-29,2024-05-02,2024-05-22,False,,5.7757,1.1343000000000005,True,2024
KRRO,"Korro Bio, Inc.",2024-04-24,2024-04-22,2024-04-22,9999920,10,584.1,$500M-$5B,False,False,58.52999877929688,4.2,-3.5,-16.54,2024-05-01,2024-05-06,2024-05-24,False,,3.9255,-20.4655,False,2024
NBBK,"Nb Bancorp, Inc.",2024-05-01,2024-04-26,2024-04-29,318902,2,614.9,$500M-$5B,True,False,14.397966384887695,3.83,5.54,3.49,2024-05-08,2024-05-13,2024-05-31,False,,4.8189,-1.3289,False,2024
MAC,Macerich Co,2024-05-08,2024-05-06,2024-05-07,2110820,2,3301.8,$500M-$5B,False,False,14.328011512756348,2.84,-0.69,-2.65,2024-05-15,2024-05-20,2024-06-07,False,,-1.2661,-1.3839,False,2024
SHEN,Shenandoah Telecommunications Co/va/,2024-05-08,2024-05-07,2024-05-07,383940,2,878.0,$500M-$5B,False,False,16.81412124633789,3.57,4.39,4.15,2024-05-15,2024-05-20,2024-06-07,False,,-1.2661,5.4161,True,2024
VSTS,Vestis Corp,2024-05-14,2024-05-10,2024-05-14,351400,2,1638.5,$500M-$5B,False,False,12.64261531829834,-2.58,-5.95,-6.19,2024-05-21,2024-05-24,2024-06-13,False,,-2.1059,-4.0841,False,2024
BCRX,Biocryst Pharmaceuticals Inc,2024-05-15,2024-05-13,2024-05-14,368691,2,1312.6,$500M-$5B,False,False,6.46999979019165,2.94,-4.33,-4.64,2024-05-22,2024-05-28,2024-06-14,False,,-4.8488,0.2088000000000001,True,2024
RIG,Transocean Ltd.,2024-05-17,2024-05-15,2024-05-15,24040000,2,4942.1,$500M-$5B,False,False,6.239999771118164,-7.53,-2.08,-16.67,2024-05-24,2024-05-28,2024-06-17,False,,-3.422,-13.248000000000001,False,2024
SOC,Sable Offshore Corp.,2024-05-22,2024-05-20,2024-05-20,2748300,2,766.5,$500M-$5B,False,False,13.359999656677246,12.57,8.31,8.08,2024-05-29,2024-06-03,2024-06-21,False,,-2.745,10.825,True,2024
CMTG,"Claros Mortgage Trust, Inc.",2024-05-31,2024-05-24,2024-05-29,1538052,2,1047.1,$500M-$5B,True,False,7.919549465179443,-0.97,-0.6,-1.68,2024-06-07,2024-06-10,2024-07-01,False,,-1.9528,0.27280000000000015,True,2024
LEG,Leggett &amp; Platt Inc,2024-06-03,2024-05-30,2024-05-31,382647,2,1562.6,$500M-$5B,False,False,11.830825805664062,1.22,-7.48,-8.87,2024-06-10,2024-06-13,2024-07-03,False,,-1.0833,-7.7867,False,2024
UHG,"United Homes Group, Inc.",2024-06-11,2024-06-07,2024-06-10,12903230,4,277.2,$200M-$500M,True,False,6.539999961853027,-8.87,-11.62,-3.21,2024-06-18,2024-06-21,2024-07-11,False,,5.004,-8.213999999999999,False,2024
TXO,"Txo Partners, L.P.",2024-06-28,2024-06-28,2024-06-28,19560000,2,611.0,$500M-$5B,False,False,16.7982120513916,2.31,1.59,-4.0,2024-07-05,2024-07-08,2024-07-29,False,,9.2858,-13.2858,False,2024
TWFG,"Twfg, Inc.",2024-07-19,2024-07-19,2024-07-19,3556842,2,334.9,$200M-$500M,False,False,22.0,5.36,7.64,19.55,2024-07-26,2024-07-29,2024-08-19,False,,-0.7563,20.3063,True,2024
CTBI,Community Trust Bancorp Inc /ky/,2024-07-23,2024-01-02,2024-01-02,431414,2,857.2,$500M-$5B,False,False,47.28044128417969,1.71,-5.1,-5.26,2024-07-30,2024-08-02,2024-08-22,False,,-4.074,-1.186,False,2024
RIG,Transocean Ltd.,2024-08-05,2024-08-02,2024-08-02,20920000,2,4386.1,$500M-$5B,True,False,5.050000190734863,3.17,3.56,-18.02,2024-08-12,2024-08-15,2024-09-04,False,,5.3363,-23.356299999999997,False,2024
OEC,Orion S.A.,2024-08-08,2024-08-07,2024-08-07,622121,2,1051.1,$500M-$5B,True,False,17.99209976196289,-4.84,-5.17,-10.56,2024-08-15,2024-08-19,2024-09-09,False,,0.7685,-11.3285,False,2024
NVST,Envista Holdings Corp,2024-08-14,2024-08-12,2024-08-13,906708,2,3035.2,$500M-$5B,True,False,18.030000686645508,-0.11,2.16,7.65,2024-08-21,2024-08-26,2024-09-13,False,,4.911,2.7390000000000008,True,2024
VYX,Ncr Voyix Corp,2024-08-15,2024-08-08,2024-08-13,490025,3,1860.8,$500M-$5B,False,False,12.859999656677246,-1.56,4.59,3.65,2024-08-22,2024-08-26,2024-09-16,False,,2.6269,1.0231,True,2024
VYX,Ncr Voyix Corp,2024-08-28,2024-08-13,2024-08-27,462893,2,1958.2,$500M-$5B,False,False,13.779999732971191,-7.11,-10.3,-0.44,2024-09-04,2024-09-09,2024-09-27,False,,1.7591,-2.1991,False,2024
RIG,Transocean Ltd.,2024-09-13,2024-09-12,2024-09-12,12390000,2,3615.7,$500M-$5B,True,False,4.440000057220459,2.25,2.48,-4.5,2024-09-20,2024-09-23,2024-10-14,False,,3.1456,-7.6456,False,2024
BTSG,"Brightspring Health Services, Inc.",2024-09-13,2024-09-11,2024-09-11,258661156,2,2374.7,$500M-$5B,False,False,13.920000076293944,5.82,7.83,9.84,2024-09-20,2024-09-23,2024-10-14,False,,3.1456,6.6944,True,2024
MBX,"Mbx Biosciences, Inc.",2024-09-17,2024-09-16,2024-09-16,112000000,13,684.9,$500M-$5B,False,False,21.0,9.48,14.05,10.29,2024-09-24,2024-09-27,2024-10-17,False,,3.4099,6.880099999999999,True,2024
BCAX,Bicara Therapeutics Inc.,2024-09-18,2024-09-16,2024-09-17,34254000,2,1331.8,$500M-$5B,False,False,24.600000381469727,6.91,3.54,-10.73,2024-09-25,2024-09-30,2024-10-18,False,,3.1761,-13.9061,False,2024
VRDN,"Viridian Therapeutics, Inc.de",2024-09-30,2024-09-27,2024-09-27,616312,2,1737.1,$500M-$5B,False,False,23.61000061035156,-1.48,-6.82,-6.1,2024-10-07,2024-10-10,2024-10-30,False,,0.249,-6.348999999999999,False,2024
CAMP,Camp4 Therapeutics Corp,2024-10-22,2024-10-15,2024-10-15,47999952,4,212.6,$200M-$500M,False,False,11.0,3.36,-8.64,-47.45,2024-10-29,2024-11-01,2024-11-21,False,,5.9568,-53.406800000000004,False,2024
TYRA,"Tyra Biosciences, Inc.",2024-11-13,2024-10-30,2024-11-08,19988020,2,796.5,$500M-$5B,False,False,16.34000015258789,-2.88,-0.98,-8.57,2024-11-20,2024-11-25,2024-12-13,False,,-0.8677,-7.7023,False,2024
NGNE,Neurogene Inc.,2024-11-25,2024-11-22,2024-11-22,1460400,2,331.5,$200M-$500M,False,False,26.8700008392334,-8.56,-18.16,-10.31,2024-12-02,2024-12-05,2024-12-26,False,,-6.6213,-3.6887000000000008,False,2024
DMLP,"Dorchester Minerals, L.P.",2024-12-05,2024-12-03,2024-12-03,911177,2,1355.1,$500M-$5B,False,False,28.694190979003903,-1.2,-1.44,2.95,2024-12-12,2024-12-16,2025-01-06,False,,-6.9153,9.865300000000001,True,2024
SCVL,Shoe Carnival Inc,2024-12-09,2024-12-06,2024-12-06,19362610,2,888.8,$500M-$5B,False,False,34.140316009521484,-1.68,-4.74,-14.12,2024-12-16,2024-12-19,2025-01-08,False,,-6.7783,-7.3416999999999994,False,2024
UHG,"United Homes Group, Inc.",2024-12-13,2024-12-11,2024-12-11,4750000,2,261.3,$200M-$500M,True,False,4.599999904632568,-9.13,-8.04,-10.43,2024-12-20,2024-12-23,2025-01-13,False,,-4.9144,-5.5156,False,2024
